94A76282-C290-49B2-985A-0236E773DF37,B22DED39-F7E5-4FF6-8825-2D2A25A72BF7
94A76282-C290-49B2-985A-0236E773DF37,1FA0BF3C-AB4C-44BA-9203-7E751EC4B433
CB7D1EC4-D6E0-47F9-8EFA-023D11838066,B28586BD-5FC6-4A42-9677-5BDD23E91896
6A9B4246-894C-494A-B9BD-02B54900DFCA,A2621A5C-FD61-474B-8630-6881F4DE421A
149FBA73-5F15-44D1-93EB-04A8EC6AC916,3F8525A6-3901-463E-A7AE-ADC8225C9D66
D5D394E4-7A73-4AD6-8EFD-067383D50CEC,EB586DAC-35A9-4CFE-ACCF-D88E8CA81E71
CB7F2D77-884C-4B5D-A579-085B13D1168E,646266C5-CFE3-4D47-AC8C-CB6A95AFE629
4C042A31-1F0A-4DE1-B4DD-09635D95371C,B22DED39-F7E5-4FF6-8825-2D2A25A72BF7
139B9204-20EA-4549-BF46-0ACDF49882B5,CC5C3ABF-DEB4-423C-A0AE-B49500E86718
B5DAFD8F-5EEA-40EF-833D-0AEF406D600A,C2CD87ED-3B0F-4EF6-8683-54543CFFDB8B
8B4D22DC-7EE6-4BB7-997E-0B12A072C6B4,927CA223-9E30-4E22-8108-0F13FAB1F79B
A3D1C238-B2CF-48E6-85FF-0BF508022EBB,0F0F9F04-9D28-433A-9B14-ED89B5633CB4
5A543549-BF46-40C5-A580-0C20047CA7BF,927CA223-9E30-4E22-8108-0F13FAB1F79B
426508C1-9188-4545-9B2F-0C95F2098DFE,EB586DAC-35A9-4CFE-ACCF-D88E8CA81E71
6226144B-38F1-4F08-AC6F-0D07424070BF,B7CE36BE-F368-43E4-8DE8-264552B8859C
3D4A8A9D-C610-4D4C-B8B9-0DCA98A2A857,3F8525A6-3901-463E-A7AE-ADC8225C9D66
8E616627-44A7-40AB-82E4-0E2AFCFF73C1,68E2F44F-F58F-40BC-9EC0-57DBC5613206
E3D2181C-2A34-409A-B9F3-0F4557062A2D,9F912736-201F-4256-BA99-B647D14DBFEC
D7ADAA22-0113-4DAE-85B8-0FAD4EA6AD5E,23F0097D-8EF8-48E0-9C32-A4E420B1E82A
C1DE147F-3BB3-4F3C-BEF9-1070EB1C5680,A2621A5C-FD61-474B-8630-6881F4DE421A
5E90E8EB-36F0-4882-8AF2-11F31342D6A8,7342029A-935E-4663-9C23-499AC1F208F0
55F47273-9556-4BA7-9F09-11FE3605122D,3EC20107-DBFD-46AB-8657-6EC4EA162992
F0895F53-C502-4E8B-AE9D-127E1D485D26,EAA0C200-7DD6-400D-B520-0F1DD724235D
65F9278A-1847-4D91-A779-1363DE68D44B,7342029A-935E-4663-9C23-499AC1F208F0
25ECE281-3D2C-41A3-BC0A-15696E560DF8,6445BBCC-78A7-4244-98A7-6CEA1B38FBBF
4B6B035D-E9C5-464D-B6AC-17EA6FB81DD2,9047F554-8CAB-4FAD-ABC5-E37D3DBB9F20
8E975B4A-9FA2-4FC6-B29E-184CE0ACAB20,CC5C3ABF-DEB4-423C-A0AE-B49500E86718
0001D544-A688-4174-99C0-1AA5AAA8382F,EAA0C200-7DD6-400D-B520-0F1DD724235D
C4DBD7F2-296F-4D7F-A30C-1CF7E7E02EE6,CC5C3ABF-DEB4-423C-A0AE-B49500E86718
43CC65E8-2660-4743-8295-1D830A0F1C89,899BA724-5B0A-4FCA-AD88-AB474AE07F1F
99D46805-1FEF-4807-9EC0-200B8BCA9413,1FA0BF3C-AB4C-44BA-9203-7E751EC4B433
398E9534-465A-405A-928E-201316D9350A,EA699B8C-9CBC-4B2A-BEAE-3581F83EF8BD
E4118E0F-17CC-41A6-AF87-20EA7DF27554,9F912736-201F-4256-BA99-B647D14DBFEC
716B5774-9716-4372-8421-21478AA8E285,49996445-0A80-4659-8B31-A2ED09691B88
BF4C5C16-E31B-4CFB-ABAC-215043D3EB31,EAA0C200-7DD6-400D-B520-0F1DD724235D
168380FF-1B37-4782-9C79-26C2242A69C4,AEF6CACB-B7FC-4E1D-BB22-80B272568EA1
C502B00A-3C82-494D-B061-26CA6882ACB5,1FA0BF3C-AB4C-44BA-9203-7E751EC4B433
41F988EA-5659-4AD1-9726-26EA816FDC1E,6D094557-3929-4029-B7E8-4E2A1670B297
54BE3FD8-C943-4885-9191-2794F6EF4A07,BA1BC5A0-5E7C-47D0-9671-067360BD6406
54BE3FD8-C943-4885-9191-2794F6EF4A07,9B7B35B4-BCFE-4F64-BA89-0EBA126034D2
54BE3FD8-C943-4885-9191-2794F6EF4A07,33C21275-288B-4C9F-A4C8-2196DE8F2ECE
54BE3FD8-C943-4885-9191-2794F6EF4A07,B22DED39-F7E5-4FF6-8825-2D2A25A72BF7
54BE3FD8-C943-4885-9191-2794F6EF4A07,5B295E23-8A4B-47FE-A8DE-2E088E0F13E1
54BE3FD8-C943-4885-9191-2794F6EF4A07,B28586BD-5FC6-4A42-9677-5BDD23E91896
54BE3FD8-C943-4885-9191-2794F6EF4A07,1FA0BF3C-AB4C-44BA-9203-7E751EC4B433
54BE3FD8-C943-4885-9191-2794F6EF4A07,ADC42A01-D776-4C5C-961D-80A9F213FDCA
54BE3FD8-C943-4885-9191-2794F6EF4A07,AEF6CACB-B7FC-4E1D-BB22-80B272568EA1
54BE3FD8-C943-4885-9191-2794F6EF4A07,1793AB98-38A6-4958-859C-8797B554A48B
54BE3FD8-C943-4885-9191-2794F6EF4A07,49637291-1440-45B7-8DBD-9B64DFD7FB11
54BE3FD8-C943-4885-9191-2794F6EF4A07,EB586DAC-35A9-4CFE-ACCF-D88E8CA81E71
54BE3FD8-C943-4885-9191-2794F6EF4A07,9047F554-8CAB-4FAD-ABC5-E37D3DBB9F20
54BE3FD8-C943-4885-9191-2794F6EF4A07,0F0F9F04-9D28-433A-9B14-ED89B5633CB4
336C1F8A-96FA-4EAD-BDCB-2799963F3C29,9047F554-8CAB-4FAD-ABC5-E37D3DBB9F20
69447E1D-3AD6-4417-8915-27B332E639B5,0AE0C928-BDE6-4B25-8A9A-AAAA2E3D18FD
23048B14-D3D0-42AA-9A5A-28D0A12E426D,FADDCBB9-9B9D-43B6-AA52-8D697D2B7FAC
627310A7-C1B1-4BD7-95F8-28F671914C11,668DE76E-986B-4F87-BAC9-635BA1D2EC49
C53305B2-A3E2-4A8A-B4FA-291868ABC25B,08E1879A-6657-429B-BE44-FD9CB474167E
175672F5-3D93-44CC-AECB-2976D5E69771,CC5C3ABF-DEB4-423C-A0AE-B49500E86718
7BB55D04-1A08-4423-BABD-2A6AE4CAA72B,566CD75C-D6A0-448C-BC26-5C32A058E30B
8E7F8DA8-D9D8-4A12-884D-2C8FE98E8527,0F0F9F04-9D28-433A-9B14-ED89B5633CB4
F91449C0-7926-48F9-91AC-2CA4F5B47046,2DEC38CF-D9C4-4633-84AC-5A1809A4EF65
EA253C63-83CB-4B64-B0CB-2D8A5C657106,1793AB98-38A6-4958-859C-8797B554A48B
7BDC30E8-2459-48E6-9419-2DC2295A2285,FA7F6904-E10C-4359-8766-6D8BC4C9B462
13AEB513-C572-4648-9568-2E795DEB7698,9047F554-8CAB-4FAD-ABC5-E37D3DBB9F20
A259D47D-A676-4908-B7EC-2E7F3AB3BD1A,B28586BD-5FC6-4A42-9677-5BDD23E91896
2BE221A3-DF54-4421-9CDC-2FACAA03B400,3F8525A6-3901-463E-A7AE-ADC8225C9D66
49379D02-426A-4132-B271-304F43EE3198,A7041E3A-9B4A-4647-8784-6E8470129469
B7C220A2-7B9A-4BC4-B407-30AE9B3221AE,47DB3BE8-554D-4ED7-AEFE-CCD86658B486
E288A307-D320-4A7E-8506-317378B84AD7,639A9D90-B012-41EE-B2B6-6D8F04BB9126
78D0A947-757D-482A-9931-32B7F1CAFC67,1FA0BF3C-AB4C-44BA-9203-7E751EC4B433
BE788716-0D36-411E-B162-3516A084712B,3EC20107-DBFD-46AB-8657-6EC4EA162992
BE788716-0D36-411E-B162-3516A084712B,C69F3E1B-E862-4690-9C5C-E85561896393
498853E3-8F05-4648-8F55-354C0253F5AC,55DB8DE2-C846-44DA-9F98-17542480A0E9
B453E11D-6943-4A13-B44C-35F2616EF4A5,A2621A5C-FD61-474B-8630-6881F4DE421A
48805C60-FE7A-4C5E-99AA-364587F34E8C,A2621A5C-FD61-474B-8630-6881F4DE421A
713F1E55-9472-4C96-BA4D-36D4AE064A97,0F0F9F04-9D28-433A-9B14-ED89B5633CB4
D11480A3-E39E-4DE2-BA3D-36F0B7E5E8D3,B246D76D-4850-4B38-892D-2E31F90CDB41
D11480A3-E39E-4DE2-BA3D-36F0B7E5E8D3,FBA4FD7A-75E3-478F-B111-416830678283
CAC7B1FA-E2F9-4658-A83E-36F72EDFC2B3,9B7B35B4-BCFE-4F64-BA89-0EBA126034D2
B6414129-D184-4C0E-B734-39177CE599F7,9047F554-8CAB-4FAD-ABC5-E37D3DBB9F20
47BC7ACD-F271-4478-B54A-3B8AAF7EB7C1,9B7B35B4-BCFE-4F64-BA89-0EBA126034D2
D26AE9E2-A8C7-4330-952D-3CE509A8EAF1,9047F554-8CAB-4FAD-ABC5-E37D3DBB9F20
C43D5AF5-F06D-430C-8415-3CEA26213519,FA7F6904-E10C-4359-8766-6D8BC4C9B462
484D372D-97B2-492F-B5CA-3D3BF2C91741,91A175B1-BBC3-45DA-B216-2199F71C5574
6052E378-74F6-477E-AA9B-3DA377EDA795,FBA4FD7A-75E3-478F-B111-416830678283
516FC332-8BA9-497F-85B3-3DC356FC276C,6D094557-3929-4029-B7E8-4E2A1670B297
5CA5A4EF-9206-4F68-8CBB-3E15FFCA04D7,7342029A-935E-4663-9C23-499AC1F208F0
F993901A-FEC2-4F5E-A370-3E7B0D14F642,B28586BD-5FC6-4A42-9677-5BDD23E91896
179736D8-EFA8-4165-9C75-3E9E49417C16,68E2F44F-F58F-40BC-9EC0-57DBC5613206
ABCB569B-FE4F-4A2F-97D5-3F02BE17B9EA,CC5C3ABF-DEB4-423C-A0AE-B49500E86718
6DB6C267-C421-4F66-8B12-3F92204DFA66,9F912736-201F-4256-BA99-B647D14DBFEC
CEF478D2-6ACD-40E9-B9E6-404AB7CF8483,C2CD87ED-3B0F-4EF6-8683-54543CFFDB8B
8B5B3D03-4907-423E-B29A-40AE429A9BDF,B22DED39-F7E5-4FF6-8825-2D2A25A72BF7
8B5B3D03-4907-423E-B29A-40AE429A9BDF,1FA0BF3C-AB4C-44BA-9203-7E751EC4B433
B08E45B9-44F7-4201-84FE-41A92AA5D298,91A175B1-BBC3-45DA-B216-2199F71C5574
2F557FD2-F5AD-4E83-8DA7-41D9CCCD22D7,0F0F9F04-9D28-433A-9B14-ED89B5633CB4
A7964C2E-8F3D-4280-9D63-4253869AF840,6D094557-3929-4029-B7E8-4E2A1670B297
9CC1FBD9-AC7A-4CC0-A97C-4380BA066ACB,33C21275-288B-4C9F-A4C8-2196DE8F2ECE
07653A53-ABAD-4552-A47F-45EC8358FB7A,639A9D90-B012-41EE-B2B6-6D8F04BB9126
E741D8DD-1A3F-4953-A83F-492141916236,1FA0BF3C-AB4C-44BA-9203-7E751EC4B433
CB289B9D-8F02-4507-B458-4AE141D396C0,7342029A-935E-4663-9C23-499AC1F208F0
1B3D8C63-8667-4BF8-94D4-4C12CEF40CD7,EB586DAC-35A9-4CFE-ACCF-D88E8CA81E71
C56B2B4F-5C6C-4237-9499-4CBF353311C7,0621BEC3-28EA-4D0D-853B-B51078D7CD94
7E5ADCA8-5FCD-48D3-AAD7-4D59AE8E4109,91A175B1-BBC3-45DA-B216-2199F71C5574
1D358B94-7259-446A-BACB-4E25F1A56D5F,C2CD87ED-3B0F-4EF6-8683-54543CFFDB8B
49F03719-AE47-4BBD-9DB3-4E27D68BB699,A2621A5C-FD61-474B-8630-6881F4DE421A
48EDC28F-CF0A-44C6-B4DA-4F984FE7A9A7,08524EAD-4ADA-4CC9-B3BF-DAFC969CE520
42AA5D29-A476-4BBB-93F5-50D119A35D75,3EC20107-DBFD-46AB-8657-6EC4EA162992
21533E3A-58F1-4C63-BF59-50D18B45B822,B246D76D-4850-4B38-892D-2E31F90CDB41
A8100F95-3E91-4F9F-8319-51BD0F7C9C44,3C90B3CE-ACEB-4CCA-B898-83560FA0E06D
A8100F95-3E91-4F9F-8319-51BD0F7C9C44,BA279A46-DF89-4BD4-AD5E-C1397229BD10
B2C41AB1-9D05-4EAA-B2A3-52407396B47D,9047F554-8CAB-4FAD-ABC5-E37D3DBB9F20
615A3BEF-EFFF-4289-B080-52B155A3D1BD,33C21275-288B-4C9F-A4C8-2196DE8F2ECE
615A3BEF-EFFF-4289-B080-52B155A3D1BD,DFACB6DB-C939-470F-8AEB-ACA4AE9FA786
73FB5FD0-8479-4F9B-8570-530BD6240CEB,FBA4FD7A-75E3-478F-B111-416830678283
73FB5FD0-8479-4F9B-8570-530BD6240CEB,4AEC7D02-F7DF-4F8A-965C-9F513ACB8440
905FAA3C-ACF3-4A54-9FA5-5373C8D137C8,08E1879A-6657-429B-BE44-FD9CB474167E
EBEAC66D-B871-4044-98B2-543EB3FD1A5B,566CD75C-D6A0-448C-BC26-5C32A058E30B
DA4DBD36-82BC-489B-AF7A-550A07D89429,AEF6CACB-B7FC-4E1D-BB22-80B272568EA1
B906FEF0-4982-4D74-B41B-55C4963A15F1,B7CE36BE-F368-43E4-8DE8-264552B8859C
61098CD4-2DB0-4453-86AF-55E0904750DE,9047F554-8CAB-4FAD-ABC5-E37D3DBB9F20
F62B2843-0A88-4405-ADF6-561B384DAB88,3EC20107-DBFD-46AB-8657-6EC4EA162992
72483106-55A3-49EB-8A26-56E918018D3B,899BA724-5B0A-4FCA-AD88-AB474AE07F1F
322E044B-FF5D-4D0D-A251-56FD0A1AD829,B497DA6E-6457-40BA-A3B4-17FA57C99DA2
322E044B-FF5D-4D0D-A251-56FD0A1AD829,7342029A-935E-4663-9C23-499AC1F208F0
9F6ABFEA-1887-4581-AAEB-577FB9CC4919,0A7760A8-BDE2-4C81-984C-0519E3629A8A
9F6ABFEA-1887-4581-AAEB-577FB9CC4919,BA1BC5A0-5E7C-47D0-9671-067360BD6406
9F6ABFEA-1887-4581-AAEB-577FB9CC4919,EAA0C200-7DD6-400D-B520-0F1DD724235D
9F6ABFEA-1887-4581-AAEB-577FB9CC4919,B22DED39-F7E5-4FF6-8825-2D2A25A72BF7
9F6ABFEA-1887-4581-AAEB-577FB9CC4919,5B295E23-8A4B-47FE-A8DE-2E088E0F13E1
9F6ABFEA-1887-4581-AAEB-577FB9CC4919,B28586BD-5FC6-4A42-9677-5BDD23E91896
9F6ABFEA-1887-4581-AAEB-577FB9CC4919,668DE76E-986B-4F87-BAC9-635BA1D2EC49
9F6ABFEA-1887-4581-AAEB-577FB9CC4919,FA7F6904-E10C-4359-8766-6D8BC4C9B462
9F6ABFEA-1887-4581-AAEB-577FB9CC4919,639A9D90-B012-41EE-B2B6-6D8F04BB9126
9F6ABFEA-1887-4581-AAEB-577FB9CC4919,3EC20107-DBFD-46AB-8657-6EC4EA162992
9F6ABFEA-1887-4581-AAEB-577FB9CC4919,1FA0BF3C-AB4C-44BA-9203-7E751EC4B433
9F6ABFEA-1887-4581-AAEB-577FB9CC4919,ADC42A01-D776-4C5C-961D-80A9F213FDCA
9F6ABFEA-1887-4581-AAEB-577FB9CC4919,49637291-1440-45B7-8DBD-9B64DFD7FB11
9F6ABFEA-1887-4581-AAEB-577FB9CC4919,4AEC7D02-F7DF-4F8A-965C-9F513ACB8440
9F6ABFEA-1887-4581-AAEB-577FB9CC4919,23F0097D-8EF8-48E0-9C32-A4E420B1E82A
9F6ABFEA-1887-4581-AAEB-577FB9CC4919,899BA724-5B0A-4FCA-AD88-AB474AE07F1F
9F6ABFEA-1887-4581-AAEB-577FB9CC4919,3F8525A6-3901-463E-A7AE-ADC8225C9D66
9F6ABFEA-1887-4581-AAEB-577FB9CC4919,EB586DAC-35A9-4CFE-ACCF-D88E8CA81E71
9F6ABFEA-1887-4581-AAEB-577FB9CC4919,9047F554-8CAB-4FAD-ABC5-E37D3DBB9F20
9F6ABFEA-1887-4581-AAEB-577FB9CC4919,08E1879A-6657-429B-BE44-FD9CB474167E
D173B79C-1023-44E2-A955-58064781740A,9047F554-8CAB-4FAD-ABC5-E37D3DBB9F20
3B5E8729-86BA-454E-BFE8-5929959DB09B,566CD75C-D6A0-448C-BC26-5C32A058E30B
4599AD9F-2327-4F2F-BBB7-595E55912C65,B22DED39-F7E5-4FF6-8825-2D2A25A72BF7
4599AD9F-2327-4F2F-BBB7-595E55912C65,1FA0BF3C-AB4C-44BA-9203-7E751EC4B433
AE69FDA2-98E0-4B38-906F-5A473DD1A599,08524EAD-4ADA-4CC9-B3BF-DAFC969CE520
C0237DFC-D6E2-4FF2-8168-5EF0DE8B8A67,1FA0BF3C-AB4C-44BA-9203-7E751EC4B433
F7F02516-E094-4BF4-B279-60C301B2B4C7,EAA0C200-7DD6-400D-B520-0F1DD724235D
F7F02516-E094-4BF4-B279-60C301B2B4C7,EA699B8C-9CBC-4B2A-BEAE-3581F83EF8BD
F7F02516-E094-4BF4-B279-60C301B2B4C7,B28586BD-5FC6-4A42-9677-5BDD23E91896
F7F02516-E094-4BF4-B279-60C301B2B4C7,3EC20107-DBFD-46AB-8657-6EC4EA162992
F7F02516-E094-4BF4-B279-60C301B2B4C7,EB586DAC-35A9-4CFE-ACCF-D88E8CA81E71
A1E00521-C213-435D-9C08-616563D29F13,EAA0C200-7DD6-400D-B520-0F1DD724235D
A1E00521-C213-435D-9C08-616563D29F13,4AEC7D02-F7DF-4F8A-965C-9F513ACB8440
CC7A6011-1ED6-4457-80BA-61E036700AE1,A2621A5C-FD61-474B-8630-6881F4DE421A
4323B5CA-AF11-400F-8594-62958235C679,566CD75C-D6A0-448C-BC26-5C32A058E30B
F0605AD9-1197-4F5E-A0E2-636675ABF8CF,927CA223-9E30-4E22-8108-0F13FAB1F79B
49910ACF-29B5-4E74-B8A3-637E7079E390,B246D76D-4850-4B38-892D-2E31F90CDB41
49910ACF-29B5-4E74-B8A3-637E7079E390,FBA4FD7A-75E3-478F-B111-416830678283
FDF21AD2-E7D1-4ECE-98DD-6398334DF161,A2621A5C-FD61-474B-8630-6881F4DE421A
6359451A-25FE-402A-B66A-63BFBAB9641F,6893EF14-5ED5-4C51-B1F9-FA5A0D529E9D
B5E72D92-B483-4B23-9672-64FDCB1BE765,BA1BC5A0-5E7C-47D0-9671-067360BD6406
325AB77A-4006-41FD-8815-6650AE819514,68E2F44F-F58F-40BC-9EC0-57DBC5613206
A852C1C5-744E-4A8D-AD98-66813992CA7D,68E2F44F-F58F-40BC-9EC0-57DBC5613206
2497D318-7F4C-46C7-B0C2-683ABDA791FA,ADC42A01-D776-4C5C-961D-80A9F213FDCA
C44E702B-7658-4326-8393-68450BFAAF2E,6D094557-3929-4029-B7E8-4E2A1670B297
BF902538-3743-4243-A692-6982EEF9B84E,C2CD87ED-3B0F-4EF6-8683-54543CFFDB8B
1F963359-2889-4575-9D5A-69A1D9419839,0A7760A8-BDE2-4C81-984C-0519E3629A8A
1F963359-2889-4575-9D5A-69A1D9419839,BA1BC5A0-5E7C-47D0-9671-067360BD6406
1F963359-2889-4575-9D5A-69A1D9419839,B22DED39-F7E5-4FF6-8825-2D2A25A72BF7
1F963359-2889-4575-9D5A-69A1D9419839,B28586BD-5FC6-4A42-9677-5BDD23E91896
1F963359-2889-4575-9D5A-69A1D9419839,3EC20107-DBFD-46AB-8657-6EC4EA162992
1F963359-2889-4575-9D5A-69A1D9419839,1FA0BF3C-AB4C-44BA-9203-7E751EC4B433
1F963359-2889-4575-9D5A-69A1D9419839,ADC42A01-D776-4C5C-961D-80A9F213FDCA
1F963359-2889-4575-9D5A-69A1D9419839,9047F554-8CAB-4FAD-ABC5-E37D3DBB9F20
C57ECB27-7A5B-42B3-8675-69A9C7FEF8D0,639A9D90-B012-41EE-B2B6-6D8F04BB9126
11B39C26-5311-4368-9175-69DF5099DE04,EB586DAC-35A9-4CFE-ACCF-D88E8CA81E71
EFEC2372-FEAD-43DE-B607-6A31ED7F4F5F,3EC20107-DBFD-46AB-8657-6EC4EA162992
ADB7E4D1-704D-47C1-9194-6B36585DBE96,B28586BD-5FC6-4A42-9677-5BDD23E91896
772B9173-A333-447E-BD88-6B3FB1FA75F2,927CA223-9E30-4E22-8108-0F13FAB1F79B
772B9173-A333-447E-BD88-6B3FB1FA75F2,9047F554-8CAB-4FAD-ABC5-E37D3DBB9F20
41A425CD-9022-4C4E-B26E-6D3183E3E710,EAA0C200-7DD6-400D-B520-0F1DD724235D
C97EB928-5FF5-423B-B94B-70988DBDA9A7,D0F3F09A-6186-40C3-89BC-CABFEDC3DDA3
2620DBFB-9ACB-4036-B394-70C501F7A0A7,566CD75C-D6A0-448C-BC26-5C32A058E30B
7F5445C5-5BC1-4278-9E76-715D4D8FE953,E36980A8-62A2-4A30-86C9-4B09691B0BF3
70CBE5C1-29A0-4D0E-8636-71A0BEB48F8D,0A7760A8-BDE2-4C81-984C-0519E3629A8A
1B5C2339-FBF9-4249-9500-7294D899F5CB,B22DED39-F7E5-4FF6-8825-2D2A25A72BF7
95743E71-3127-43A2-B508-73993B1B9503,B28586BD-5FC6-4A42-9677-5BDD23E91896
72512558-301A-4C0D-87E4-74509FDB929D,668DE76E-986B-4F87-BAC9-635BA1D2EC49
FCFE5927-7788-4BC4-AF0D-754CD3C15A07,49637291-1440-45B7-8DBD-9B64DFD7FB11
5AF11AEC-B4C4-4E40-A1C3-75AFD041DA26,68E2F44F-F58F-40BC-9EC0-57DBC5613206
6B69773F-DA86-473E-A2DB-75DA4BFB780A,CC5C3ABF-DEB4-423C-A0AE-B49500E86718
6335EE1E-D68F-405F-9566-7686D63B4F49,08E1879A-6657-429B-BE44-FD9CB474167E
59AEA2D2-714B-44B5-82CD-7717C5AF41A3,5B295E23-8A4B-47FE-A8DE-2E088E0F13E1
204AE1D8-ECB3-4988-8086-7725FB27079A,08E1879A-6657-429B-BE44-FD9CB474167E
EF3B8FE6-569B-4759-A3FE-793943B8B782,FA7F6904-E10C-4359-8766-6D8BC4C9B462
088E2AEF-F3EF-4325-A976-794850A3B470,927CA223-9E30-4E22-8108-0F13FAB1F79B
5AA15A8F-38DD-4BE5-997F-79EC0E16F6F0,91A175B1-BBC3-45DA-B216-2199F71C5574
FCB3AD53-9E51-4EA2-A247-7A9EA194884A,3EC20107-DBFD-46AB-8657-6EC4EA162992
D2582950-93C7-467A-9F05-7D465A83D316,5112E28D-3BC1-46A7-9BC5-B767B4D567DE
3EE4C194-3492-4CF4-B977-7E02D782696A,33C21275-288B-4C9F-A4C8-2196DE8F2ECE
4C65419B-6B4F-416E-9F1C-7E17B646E6EE,9047F554-8CAB-4FAD-ABC5-E37D3DBB9F20
C9120F17-6CA1-4CDC-BE05-805097FCF739,0F0F9F04-9D28-433A-9B14-ED89B5633CB4
479E0527-7333-4E9A-8C7C-809DA077B08B,657E75D5-533C-45E2-A4F6-CDDCB4F6245D
DF79B1B4-8FBE-442C-BC3A-810E9ACDA456,9B7B35B4-BCFE-4F64-BA89-0EBA126034D2
DF79B1B4-8FBE-442C-BC3A-810E9ACDA456,566CD75C-D6A0-448C-BC26-5C32A058E30B
07B2C3F7-E245-4D18-B582-811AED7EE572,9B7B35B4-BCFE-4F64-BA89-0EBA126034D2
2C271796-0738-4CA8-9E1B-811DCBE6C832,B28586BD-5FC6-4A42-9677-5BDD23E91896
B04EACBE-336B-411A-9582-823CB7D15CE1,CC5C3ABF-DEB4-423C-A0AE-B49500E86718
25A0008E-C652-4C09-B48E-8275AAD5A621,68E2F44F-F58F-40BC-9EC0-57DBC5613206
A0D80FB4-7294-4A72-B391-83AD7C1CFE3D,4AFB663A-475D-4550-90C3-CCE5CA261221
A4875764-BCFC-4468-9C29-8454AB0CF965,68E2F44F-F58F-40BC-9EC0-57DBC5613206
14FCF7E2-7190-4442-889E-84F1B7E1F1A6,3F8525A6-3901-463E-A7AE-ADC8225C9D66
BFAE1077-E599-4391-906F-8520A6C38898,5112E28D-3BC1-46A7-9BC5-B767B4D567DE
21521D46-52C5-4510-ABFA-85A00E79BF07,08E1879A-6657-429B-BE44-FD9CB474167E
790237B4-9AE0-4B7B-AE7D-85AF6CEC07FB,0A7760A8-BDE2-4C81-984C-0519E3629A8A
A997E605-DEB4-42D0-A585-85B73B2498C6,91A175B1-BBC3-45DA-B216-2199F71C5574
1287BA99-57A7-46D8-97B6-87CBF7826583,23F0097D-8EF8-48E0-9C32-A4E420B1E82A
7047254E-FB01-4257-9FDD-88159D773DB0,B28586BD-5FC6-4A42-9677-5BDD23E91896
F14C1772-3C8F-4D6C-A004-8816F6B49F45,0D8D3937-11FA-44DC-967A-CEE3A884AD6B
14CE13F2-E9FB-4062-9AD4-883CE706AA8D,A2621A5C-FD61-474B-8630-6881F4DE421A
EC62E44D-6102-49AE-9DE4-88EE74BFA609,0D8D3937-11FA-44DC-967A-CEE3A884AD6B
D74157E2-FBC4-4273-8BF3-89704E66DD97,68E2F44F-F58F-40BC-9EC0-57DBC5613206
04EABB86-5309-444A-8D8C-8976B7C911A0,55DB8DE2-C846-44DA-9F98-17542480A0E9
E5A97C3D-C71E-47B7-9C7C-898510A50B17,0D8D3937-11FA-44DC-967A-CEE3A884AD6B
AEC30291-8F10-472F-8ACC-8D2913E9BE87,0F0F9F04-9D28-433A-9B14-ED89B5633CB4
A9D78C1B-C19C-4D17-B404-901E90B7AA08,4AEC7D02-F7DF-4F8A-965C-9F513ACB8440
2ECA9C2D-E544-4ECA-AC05-9040B402F639,FBA4FD7A-75E3-478F-B111-416830678283
C870490D-3201-44FF-9E65-928FC92E9ED3,7342029A-935E-4663-9C23-499AC1F208F0
7747FB41-C669-4C2B-8E80-960163F5B8DB,B22DED39-F7E5-4FF6-8825-2D2A25A72BF7
7747FB41-C669-4C2B-8E80-960163F5B8DB,1FA0BF3C-AB4C-44BA-9203-7E751EC4B433
F5CB322E-313E-4274-8FAD-961C80DA200F,FA7F6904-E10C-4359-8766-6D8BC4C9B462
F5CB322E-313E-4274-8FAD-961C80DA200F,49637291-1440-45B7-8DBD-9B64DFD7FB11
102E99F1-3D18-4999-95B4-96643F530A0A,49637291-1440-45B7-8DBD-9B64DFD7FB11
4F91ED66-E77A-4106-A49E-96EF10AE64BE,68E2F44F-F58F-40BC-9EC0-57DBC5613206
56EB8257-8732-4411-AC92-9793998B849A,B22DED39-F7E5-4FF6-8825-2D2A25A72BF7
56EB8257-8732-4411-AC92-9793998B849A,1793AB98-38A6-4958-859C-8797B554A48B
56EB8257-8732-4411-AC92-9793998B849A,0F0F9F04-9D28-433A-9B14-ED89B5633CB4
56EB8257-8732-4411-AC92-9793998B849A,AF02516F-3D18-49FC-A7B6-EDFE8C9C23A1
65F0176E-C184-4623-A604-97F8515EAF3E,9047F554-8CAB-4FAD-ABC5-E37D3DBB9F20
7376EEC2-0F04-44B3-A52D-99398365C455,B7CE36BE-F368-43E4-8DE8-264552B8859C
62E3D064-D0BE-4436-AAB8-995851800E92,08524EAD-4ADA-4CC9-B3BF-DAFC969CE520
51C48651-8E1E-4347-914A-996A87D0C50A,EB586DAC-35A9-4CFE-ACCF-D88E8CA81E71
2DBF22EA-DA11-4643-B77F-99C6D4F85712,5B295E23-8A4B-47FE-A8DE-2E088E0F13E1
CB92FF5B-76A8-46F5-99BD-9A8991FC068E,B28586BD-5FC6-4A42-9677-5BDD23E91896
D777421A-E4CF-4E4C-ABB6-9A9B5ABB0759,668DE76E-986B-4F87-BAC9-635BA1D2EC49
4A868536-679C-462E-AC03-9AC77FDD1531,9B7B35B4-BCFE-4F64-BA89-0EBA126034D2
C8CCD9E3-B93F-4B54-A8E2-9AFD905CB808,B28586BD-5FC6-4A42-9677-5BDD23E91896
AB43BECF-03C9-4367-B31F-9BDA85449677,A03D3244-745E-4523-B0B1-476537AA0D0C
A4FDCAD4-81BD-4E53-835E-9CFF484B1CBA,668DE76E-986B-4F87-BAC9-635BA1D2EC49
D96038FF-C88A-4274-BF0C-9D4B01081614,88688A0F-AB1A-48F4-9C1B-B066DE1F88EE
7E2ABC85-E61C-4A4C-9F4E-9DD716009B97,33C21275-288B-4C9F-A4C8-2196DE8F2ECE
7E2ABC85-E61C-4A4C-9F4E-9DD716009B97,B22DED39-F7E5-4FF6-8825-2D2A25A72BF7
7E2ABC85-E61C-4A4C-9F4E-9DD716009B97,B28586BD-5FC6-4A42-9677-5BDD23E91896
7E2ABC85-E61C-4A4C-9F4E-9DD716009B97,1793AB98-38A6-4958-859C-8797B554A48B
7E2ABC85-E61C-4A4C-9F4E-9DD716009B97,0F0F9F04-9D28-433A-9B14-ED89B5633CB4
9A7036F7-8C8E-4D30-9EA4-9F628DFA8C14,91A175B1-BBC3-45DA-B216-2199F71C5574
DF955216-3F41-4114-AB87-A16AB05F72B2,D0F3F09A-6186-40C3-89BC-CABFEDC3DDA3
682291E3-ABFE-478F-8883-A1A795FF6E10,6D094557-3929-4029-B7E8-4E2A1670B297
81DF708E-6342-44D6-8214-A24BF4B02A3D,566CD75C-D6A0-448C-BC26-5C32A058E30B
64EB2A07-773E-4E54-AF23-A2B88C7C53B4,D0F3F09A-6186-40C3-89BC-CABFEDC3DDA3
A123A2BA-211B-4B8C-B3C5-A2EAB59FDDE9,CC5C3ABF-DEB4-423C-A0AE-B49500E86718
A62C454C-E42B-44DD-9E3B-A4982556C572,75187550-6318-434C-9546-DE83F84C78D0
777042E4-F36B-423F-9A15-A56306C5646E,EAA0C200-7DD6-400D-B520-0F1DD724235D
82988DEA-22F9-47F3-9FA3-A567101D95C1,465AD174-C952-4955-ABE4-561977999056
D3B886EC-2185-4172-9A35-A7073EEC425A,244A156F-2536-4E6E-8A03-0B3F59BEC4F0
B19E934A-6CD8-4106-9E5F-A8D19098DC72,7C3ABC73-F603-4AE6-B2AA-9006374F3865
8B44EA28-5EAB-49E4-BD0A-A9E92F232D4C,9B7B35B4-BCFE-4F64-BA89-0EBA126034D2
8952E81E-78FE-48E6-93A4-AC310986CA83,8A7D1932-6E96-4428-9586-61D5C3BD0E80
5519C72D-0DB1-4F5D-932A-AC32C5DB9327,2D9997BC-9183-4CAE-862E-3F66FCD859AD
5519C72D-0DB1-4F5D-932A-AC32C5DB9327,FB6E441F-406C-4764-80F7-E597EFCC65A2
C3FBC75F-F242-4A25-ABE2-AC5A94AFDA83,6C9ED998-87AA-435E-B607-8F27373AACF3
FABBD13E-B221-428D-9D0D-AC8501D2448E,B22DED39-F7E5-4FF6-8825-2D2A25A72BF7
FABBD13E-B221-428D-9D0D-AC8501D2448E,1FA0BF3C-AB4C-44BA-9203-7E751EC4B433
760F011B-A493-4E6C-B55B-AD4CBCAF5B07,0F0F9F04-9D28-433A-9B14-ED89B5633CB4
D4CCA060-8D67-4ED0-80E6-AE1D1F2E6846,08E1879A-6657-429B-BE44-FD9CB474167E
13579BF3-92D7-44D2-9D30-AF0BCFBADCA0,B22DED39-F7E5-4FF6-8825-2D2A25A72BF7
42DAA842-85E2-4081-9E49-AF5EB4B9CE3D,A2621A5C-FD61-474B-8630-6881F4DE421A
77082A50-6869-40D4-B9B1-B0A2A34BD8AF,B28586BD-5FC6-4A42-9677-5BDD23E91896
77082A50-6869-40D4-B9B1-B0A2A34BD8AF,3F8525A6-3901-463E-A7AE-ADC8225C9D66
9B9B75B9-89EA-4180-8E8F-B0BBA979DD69,D0F3F09A-6186-40C3-89BC-CABFEDC3DDA3
2BCA36C3-4F70-4174-B7E7-B15F81B8F126,1793AB98-38A6-4958-859C-8797B554A48B
739AF412-D183-41E1-B891-B164FB33D54C,BA1BC5A0-5E7C-47D0-9671-067360BD6406
739AF412-D183-41E1-B891-B164FB33D54C,9B7B35B4-BCFE-4F64-BA89-0EBA126034D2
739AF412-D183-41E1-B891-B164FB33D54C,EAA0C200-7DD6-400D-B520-0F1DD724235D
739AF412-D183-41E1-B891-B164FB33D54C,B22DED39-F7E5-4FF6-8825-2D2A25A72BF7
739AF412-D183-41E1-B891-B164FB33D54C,B28586BD-5FC6-4A42-9677-5BDD23E91896
739AF412-D183-41E1-B891-B164FB33D54C,639A9D90-B012-41EE-B2B6-6D8F04BB9126
739AF412-D183-41E1-B891-B164FB33D54C,1FA0BF3C-AB4C-44BA-9203-7E751EC4B433
739AF412-D183-41E1-B891-B164FB33D54C,9047F554-8CAB-4FAD-ABC5-E37D3DBB9F20
0CC18EDD-1260-4800-A701-B192F4A03954,5B295E23-8A4B-47FE-A8DE-2E088E0F13E1
3C4004CC-5FBD-402D-A26B-B412AAC3517B,3EC20107-DBFD-46AB-8657-6EC4EA162992
EB7251D8-F84F-48F7-82CB-B53387E12510,C8D67648-9833-4743-B401-D0EB3F442660
EE4B842A-A1F6-42E3-ABE2-B6070021FB6F,EA699B8C-9CBC-4B2A-BEAE-3581F83EF8BD
1E58F63D-CB78-4665-95F9-B6239EBC197E,68E2F44F-F58F-40BC-9EC0-57DBC5613206
794D4F8A-262E-43EF-A0F4-B6BE8B0AFB98,B28586BD-5FC6-4A42-9677-5BDD23E91896
A84F56F1-9CD6-4413-9A72-B6E979F00767,33C21275-288B-4C9F-A4C8-2196DE8F2ECE
46FDA7F6-3B04-491A-9136-B731087B946E,927CA223-9E30-4E22-8108-0F13FAB1F79B
98BC2DCF-72CB-47CF-80FA-B8DF9D8CFE96,3F8525A6-3901-463E-A7AE-ADC8225C9D66
02604943-375E-4F58-A74A-B90B889D4D4D,A7041E3A-9B4A-4647-8784-6E8470129469
20EB0BAA-DDA8-44BD-88A1-B97B475AFA19,49637291-1440-45B7-8DBD-9B64DFD7FB11
20EB0BAA-DDA8-44BD-88A1-B97B475AFA19,C69F3E1B-E862-4690-9C5C-E85561896393
7504E785-3395-43B9-B730-B9BA84758F17,08E1879A-6657-429B-BE44-FD9CB474167E
DE87BBE8-9E01-4617-961E-BAF70B1F8F6C,927CA223-9E30-4E22-8108-0F13FAB1F79B
F7BD266A-63B4-4C86-A82F-BB4182067550,1FA0BF3C-AB4C-44BA-9203-7E751EC4B433
6DA9269D-CAD1-478D-8996-BB6980F14DF3,0A7760A8-BDE2-4C81-984C-0519E3629A8A
9C125360-4D74-4500-B101-BBFA2D212868,C61A44B0-C0AE-468E-9E00-A1A5476C8680
AD282086-34FF-434E-BEA4-BE25DD60A3FD,3EC20107-DBFD-46AB-8657-6EC4EA162992
526462BD-07E3-4C41-A027-C06232B59A4B,0BD9974F-F1C6-454F-8082-5AAFBE4669BA
526462BD-07E3-4C41-A027-C06232B59A4B,C9384016-16FC-48A1-B0A1-FD6697F4E336
2259A27B-CC91-4C89-A24C-C0D8F1C18E6E,B28586BD-5FC6-4A42-9677-5BDD23E91896
BDE36903-E5E8-48B3-80CD-C1DD92D44CFF,1793AB98-38A6-4958-859C-8797B554A48B
45832985-1EA2-4CC9-8A6D-C22CC8485484,EB586DAC-35A9-4CFE-ACCF-D88E8CA81E71
43F64A60-8AA3-439D-A2CC-C24CBB71D928,9DD8FC76-5523-4C2F-969D-88E4ECCC4E41
70E34E26-1B55-42A8-A80C-C29BBF8C4AE8,0A7760A8-BDE2-4C81-984C-0519E3629A8A
C1E8028F-2660-4DC3-BAE9-C4697143F436,68E2F44F-F58F-40BC-9EC0-57DBC5613206
F4F34274-D919-4EDA-92A2-C4D78E36D752,91A175B1-BBC3-45DA-B216-2199F71C5574
8B877073-70AF-4AFE-BB71-C594D88783F5,1FA0BF3C-AB4C-44BA-9203-7E751EC4B433
26940DD7-E1AE-490F-867E-C78406D1E667,1FA0BF3C-AB4C-44BA-9203-7E751EC4B433
26940DD7-E1AE-490F-867E-C78406D1E667,867556FC-C386-4F7D-B07E-A91C23528F0C
7AC9404C-2564-4D88-B9D6-C811E7D833F5,B28586BD-5FC6-4A42-9677-5BDD23E91896
263830FF-5001-4F4B-9B96-C8E6D005D35A,B7CE36BE-F368-43E4-8DE8-264552B8859C
C3CE9A21-7BD2-48E3-8DD9-C9170A4D95C8,B7CE36BE-F368-43E4-8DE8-264552B8859C
C3CE9A21-7BD2-48E3-8DD9-C9170A4D95C8,0F0F9F04-9D28-433A-9B14-ED89B5633CB4
CC693CB4-FEA2-46FC-ACC5-C9C279297CE0,867556FC-C386-4F7D-B07E-A91C23528F0C
FA930E02-F79F-4387-B755-CA5723A66FF8,EAA0C200-7DD6-400D-B520-0F1DD724235D
E073C95F-19D8-4802-8CD9-CAD22C74247D,EAA0C200-7DD6-400D-B520-0F1DD724235D
E073C95F-19D8-4802-8CD9-CAD22C74247D,3F8525A6-3901-463E-A7AE-ADC8225C9D66
2CE26F86-6E2B-4B8D-9746-CB92DE874D36,760D38C2-60B3-4A65-B027-E097AF446854
DDF593AF-B06D-428F-9226-CE37E4BE9AFF,C2CD87ED-3B0F-4EF6-8683-54543CFFDB8B
35814807-954F-41F7-A604-CF3855A234CD,668DE76E-986B-4F87-BAC9-635BA1D2EC49
35814807-954F-41F7-A604-CF3855A234CD,EB586DAC-35A9-4CFE-ACCF-D88E8CA81E71
D4C90A34-DC24-4FC1-A0B7-D20E9675EB54,0F0F9F04-9D28-433A-9B14-ED89B5633CB4
F089C932-88C0-4C57-93C2-D2169C89BBC9,2D88F377-8F6B-4F76-987E-1463AFA283EF
F089C932-88C0-4C57-93C2-D2169C89BBC9,337D19A2-746E-4BAE-BF92-6FEC259B9ADB
858256E7-8D8F-445F-A47B-D2344B5BAFF8,08E1879A-6657-429B-BE44-FD9CB474167E
EC6ACC24-1E8E-43C9-A0D0-D27D47347E30,57EF9802-CEE8-483F-8BB6-26B38C303EBE
63AB578D-F1AB-48B0-BFB5-D2CF081D04B9,4AEC7D02-F7DF-4F8A-965C-9F513ACB8440
15ABDA1B-D1CC-4FE7-8CB6-D3DFD1AEB97A,6D094557-3929-4029-B7E8-4E2A1670B297
DD21D868-1532-4533-93E6-D46FADF2065B,244A156F-2536-4E6E-8A03-0B3F59BEC4F0
6B8DDEA3-2090-46A6-94F6-D4BE077C62B4,0621BEC3-28EA-4D0D-853B-B51078D7CD94
3BC4DEFD-30FF-4FC2-BFA4-D52BEFFBE3F4,0A7760A8-BDE2-4C81-984C-0519E3629A8A
AE70ED26-705F-49DB-8A8A-D5EEA654947C,B22DED39-F7E5-4FF6-8825-2D2A25A72BF7
1DAA35DD-9E1E-4BFB-81C1-D62D23909BFB,EB586DAC-35A9-4CFE-ACCF-D88E8CA81E71
181D3C7E-846C-4329-98C9-D6E6BA3AACA1,7342029A-935E-4663-9C23-499AC1F208F0
0D8A1673-4AA3-4916-8446-D7FAA059B9FE,9047F554-8CAB-4FAD-ABC5-E37D3DBB9F20
B254A198-8334-4136-8CC4-D831F9254965,639A9D90-B012-41EE-B2B6-6D8F04BB9126
102F704A-A5FB-495D-A7C7-D8CB104AB0F3,0A7760A8-BDE2-4C81-984C-0519E3629A8A
56F0868E-F832-4987-9CD9-DA9D77CC5074,B22DED39-F7E5-4FF6-8825-2D2A25A72BF7
5CEAFC61-A40B-4699-8545-DBFF60887842,9047F554-8CAB-4FAD-ABC5-E37D3DBB9F20
0D620FEC-6F49-4D88-834C-DC1ED20387E3,1FA0BF3C-AB4C-44BA-9203-7E751EC4B433
F7557796-4CAB-4E55-A44E-DD57B35D1947,6D094557-3929-4029-B7E8-4E2A1670B297
C3C64A02-368E-4167-AAD6-DD7948A52CDF,566CD75C-D6A0-448C-BC26-5C32A058E30B
EDAE8A01-5EC6-4B2E-8864-DEC6EC7583C3,899BA724-5B0A-4FCA-AD88-AB474AE07F1F
C7186CAB-0433-47A5-BB92-DF2BA3F5CDC1,D0F3F09A-6186-40C3-89BC-CABFEDC3DDA3
13092B43-DACB-459F-9120-E00239EC9F6D,B22DED39-F7E5-4FF6-8825-2D2A25A72BF7
CED28A03-7974-4455-A27F-E0B8DC389B45,867556FC-C386-4F7D-B07E-A91C23528F0C
CED28A03-7974-4455-A27F-E0B8DC389B45,CC5C3ABF-DEB4-423C-A0AE-B49500E86718
B8E83A66-3990-4218-8BB1-E21D5B71B498,9B7B35B4-BCFE-4F64-BA89-0EBA126034D2
D2E4D867-5481-4CDA-8378-E2555ED5B4CC,1FA0BF3C-AB4C-44BA-9203-7E751EC4B433
49543B19-58BE-4883-B93E-E362399CF448,CC5C3ABF-DEB4-423C-A0AE-B49500E86718
A37074BB-6940-43E2-81A8-E3631B9BBF2E,668DE76E-986B-4F87-BAC9-635BA1D2EC49
3E5E0BA8-D3C6-4317-9400-E41A565FCC00,244A156F-2536-4E6E-8A03-0B3F59BEC4F0
CABA36D6-EF1E-4279-925B-E4A2DED5A4A7,91A175B1-BBC3-45DA-B216-2199F71C5574
CABA36D6-EF1E-4279-925B-E4A2DED5A4A7,639A9D90-B012-41EE-B2B6-6D8F04BB9126
4570EA7C-88EE-494E-AE42-E50F18C67C91,9047F554-8CAB-4FAD-ABC5-E37D3DBB9F20
26191BFB-F804-45B3-B1B4-E54497F4161E,867556FC-C386-4F7D-B07E-A91C23528F0C
A3D1C17B-67E6-4B13-B78D-E66C89EA630C,B497DA6E-6457-40BA-A3B4-17FA57C99DA2
2DBFF56E-8B81-4630-A9DA-E6CF9561649A,B22DED39-F7E5-4FF6-8825-2D2A25A72BF7
7502C130-4F77-4D8D-9A73-E7C9ED51D5B0,0A7760A8-BDE2-4C81-984C-0519E3629A8A
12EC4053-F9A2-4113-96F0-E856ADC02BCD,3EC20107-DBFD-46AB-8657-6EC4EA162992
12EC4053-F9A2-4113-96F0-E856ADC02BCD,C69F3E1B-E862-4690-9C5C-E85561896393
370926E7-3DA2-4EC2-847C-E86E0DA380E5,75187550-6318-434C-9546-DE83F84C78D0
CD4090EB-5444-4198-BD9F-E873926B4870,639A9D90-B012-41EE-B2B6-6D8F04BB9126
E2AE93E9-5DA3-4685-8865-E8CBF3F70149,33C21275-288B-4C9F-A4C8-2196DE8F2ECE
DB81B038-AC23-477C-AF2C-E972C8292530,9047F554-8CAB-4FAD-ABC5-E37D3DBB9F20
F698F442-A49D-4D6C-8A10-E98DD00F1394,3F8525A6-3901-463E-A7AE-ADC8225C9D66
8F34168C-E24C-4D7E-9408-E99506BE0C49,DFACB6DB-C939-470F-8AEB-ACA4AE9FA786
0199CEDB-6A5E-40CB-B295-ED635A3B9905,5112E28D-3BC1-46A7-9BC5-B767B4D567DE
E2DD9C65-A822-4908-9556-EE062EE54A90,EB586DAC-35A9-4CFE-ACCF-D88E8CA81E71
0BD524DC-6B75-4461-A9AA-EF9631AEF737,0F0F9F04-9D28-433A-9B14-ED89B5633CB4
8205AF70-7D12-4129-A2E4-EFCF4C935AD3,C8D67648-9833-4743-B401-D0EB3F442660
A9D57014-A38F-4D80-AFC0-F14673B0530E,CC5C3ABF-DEB4-423C-A0AE-B49500E86718
6509F530-B7CF-430B-A032-F14DEE696400,639A9D90-B012-41EE-B2B6-6D8F04BB9126
C7B9D13A-DF8B-406C-93A9-F1EB0B936EFB,08E1879A-6657-429B-BE44-FD9CB474167E
C3B12279-AC1C-4635-A6AA-F25084091854,0A7760A8-BDE2-4C81-984C-0519E3629A8A
C3B12279-AC1C-4635-A6AA-F25084091854,33C21275-288B-4C9F-A4C8-2196DE8F2ECE
C3B12279-AC1C-4635-A6AA-F25084091854,B22DED39-F7E5-4FF6-8825-2D2A25A72BF7
C3B12279-AC1C-4635-A6AA-F25084091854,B28586BD-5FC6-4A42-9677-5BDD23E91896
C3B12279-AC1C-4635-A6AA-F25084091854,1793AB98-38A6-4958-859C-8797B554A48B
C3B12279-AC1C-4635-A6AA-F25084091854,49637291-1440-45B7-8DBD-9B64DFD7FB11
C3B12279-AC1C-4635-A6AA-F25084091854,75187550-6318-434C-9546-DE83F84C78D0
C3B12279-AC1C-4635-A6AA-F25084091854,9047F554-8CAB-4FAD-ABC5-E37D3DBB9F20
C3B12279-AC1C-4635-A6AA-F25084091854,0F0F9F04-9D28-433A-9B14-ED89B5633CB4
FC0A588B-4305-4C73-B256-F3284DE8BE19,33C21275-288B-4C9F-A4C8-2196DE8F2ECE
FC0A588B-4305-4C73-B256-F3284DE8BE19,1793AB98-38A6-4958-859C-8797B554A48B
081E8B62-07B1-4BCC-8FA8-F4393F2A5CDE,566CD75C-D6A0-448C-BC26-5C32A058E30B
1DFB57AA-7871-422F-B626-F4769DB7C587,3AA1F976-AC4B-4618-8788-C1B8F303076E
1DFB57AA-7871-422F-B626-F4769DB7C587,AC8DC747-9BCA-4426-8A23-FEA3A58A6396
4D8A4C2F-2D22-4D26-9D1D-F4C8832DFC10,A2621A5C-FD61-474B-8630-6881F4DE421A
DBE04D47-A17D-45F9-8F89-F699255B1F1E,AEF6CACB-B7FC-4E1D-BB22-80B272568EA1
7B3F6290-554F-4373-B91D-F6B02AC7AFA3,91A175B1-BBC3-45DA-B216-2199F71C5574
3FC17C1E-D463-4183-B11E-F82734FABB39,B246D76D-4850-4B38-892D-2E31F90CDB41
9C1C0387-F42A-466C-8DBC-FA628BBAD857,49637291-1440-45B7-8DBD-9B64DFD7FB11
9C1C0387-F42A-466C-8DBC-FA628BBAD857,C69F3E1B-E862-4690-9C5C-E85561896393
E127432E-99B8-49BC-B306-FC395B1DF435,5B295E23-8A4B-47FE-A8DE-2E088E0F13E1
B5216C52-1FF1-47DD-86C2-FC89E188BCD1,B22DED39-F7E5-4FF6-8825-2D2A25A72BF7
B5216C52-1FF1-47DD-86C2-FC89E188BCD1,1FA0BF3C-AB4C-44BA-9203-7E751EC4B433
5D5F3587-F6EF-4147-A212-FEE3BC2F2CB7,A2621A5C-FD61-474B-8630-6881F4DE421A
