94A76282-C290-49B2-985A-0236E773DF37,D5D36093-9656-43FE-BFCC-C1ED1873EECB,85804BB3-CDF1-4B65-B7A8-659E8963D4D1,19923,2019/2020 Genap,3.0,B22DED39-F7E5-4FF6-8825-2D2A25A72BF7
94A76282-C290-49B2-985A-0236E773DF37,D5D36093-9656-43FE-BFCC-C1ED1873EECB,85804BB3-CDF1-4B65-B7A8-659E8963D4D1,19923,2019/2020 Genap,3.0,1FA0BF3C-AB4C-44BA-9203-7E751EC4B433
CB7D1EC4-D6E0-47F9-8EFA-023D11838066,D5D36093-9656-43FE-BFCC-C1ED1873EECB,3E62A66D-6B62-48D2-B931-D02D14A751E8,11379,2019/2020 Ganjil,4.0,B28586BD-5FC6-4A42-9677-5BDD23E91896
D5D394E4-7A73-4AD6-8EFD-067383D50CEC,5028F1E9-E954-4F62-9244-BAB2C3E3A475,643B38E5-959C-4F2D-A860-FB4213AF0F10,39254,2016/2017 Genap,4.0,EB586DAC-35A9-4CFE-ACCF-D88E8CA81E71
4F2F7A2D-6FA0-4ED0-9283-08F89A99ACA7,5028F1E9-E954-4F62-9244-BAB2C3E3A475,9B7044D5-950B-4A71-82C7-CFE64BD82C3B,20008,2019/2020 Genap,3.0,3F8525A6-3901-463E-A7AE-ADC8225C9D66
4C042A31-1F0A-4DE1-B4DD-09635D95371C,5028F1E9-E954-4F62-9244-BAB2C3E3A475,BAAF8ECF-9F0F-43BC-B30C-CC7FCB3BE077,52342,2017/2018 Ganjil,3.0,B22DED39-F7E5-4FF6-8825-2D2A25A72BF7
D7C9F0FA-98BF-43EB-A564-09C9F3CF6060,D5D36093-9656-43FE-BFCC-C1ED1873EECB,069343D8-EDAB-4BE5-9F52-3C6300737C0E,32492,2020/2021 Ganjil,3.0,0A7760A8-BDE2-4C81-984C-0519E3629A8A
3B67F2A9-3A74-4123-AE2B-0A27B293F1F2,5028F1E9-E954-4F62-9244-BAB2C3E3A475,7EB6DCEF-D4C5-47BF-B1D3-CDA1A3C6C073,65398,2017/2018 Genap,3.0,FBA4FD7A-75E3-478F-B111-416830678283
D080759A-39C5-429C-89EB-0A692052B871,D5D36093-9656-43FE-BFCC-C1ED1873EECB,D98E00DE-142E-42AC-9E61-0CF8602DDB64,52703,2017/2018 Ganjil,3.0,08524EAD-4ADA-4CC9-B3BF-DAFC969CE520
139B9204-20EA-4549-BF46-0ACDF49882B5,D5D36093-9656-43FE-BFCC-C1ED1873EECB,D33BFCB2-C088-4BC3-BFBD-684B944C20D1,92276,2018/2019 Genap,3.0,CC5C3ABF-DEB4-423C-A0AE-B49500E86718
B5DAFD8F-5EEA-40EF-833D-0AEF406D600A,5028F1E9-E954-4F62-9244-BAB2C3E3A475,7D88003D-3863-4E4D-BC3D-5B05CA91572C,39175,2016/2017 Genap,4.0,C2CD87ED-3B0F-4EF6-8683-54543CFFDB8B
8B4D22DC-7EE6-4BB7-997E-0B12A072C6B4,D5D36093-9656-43FE-BFCC-C1ED1873EECB,4B7575A1-4415-4674-BFD2-2113EE18A7B1,52538,2017/2018 Ganjil,4.0,927CA223-9E30-4E22-8108-0F13FAB1F79B
A3D1C238-B2CF-48E6-85FF-0BF508022EBB,5028F1E9-E954-4F62-9244-BAB2C3E3A475,B9D0C555-49A7-4436-A2EF-A0ACBEF273C0,52796,2017/2018 Ganjil,3.0,0F0F9F04-9D28-433A-9B14-ED89B5633CB4
5A543549-BF46-40C5-A580-0C20047CA7BF,D5D36093-9656-43FE-BFCC-C1ED1873EECB,AE4650A5-8868-4521-8E7B-D71699BDE34E,65939,2017/2018 Genap,4.0,927CA223-9E30-4E22-8108-0F13FAB1F79B
2A65F6DE-7CDC-4536-A67B-0C38FD4AB627,D5D36093-9656-43FE-BFCC-C1ED1873EECB,D33BFCB2-C088-4BC3-BFBD-684B944C20D1,70499,2017/2018 Genap,3.0,CC5C3ABF-DEB4-423C-A0AE-B49500E86718
6226144B-38F1-4F08-AC6F-0D07424070BF,D5D36093-9656-43FE-BFCC-C1ED1873EECB,978CA15B-BC5C-4FBC-9AE6-E32184EC12CC,39220,2016/2017 Genap,4.0,B7CE36BE-F368-43E4-8DE8-264552B8859C
E3D2181C-2A34-409A-B9F3-0F4557062A2D,D5D36093-9656-43FE-BFCC-C1ED1873EECB,612BBACE-7C5E-4175-AB94-09EEE80E8538,80753,2018/2019 Ganjil,3.0,9F912736-201F-4256-BA99-B647D14DBFEC
C1DE147F-3BB3-4F3C-BEF9-1070EB1C5680,D5D36093-9656-43FE-BFCC-C1ED1873EECB,414D99F7-9871-4619-A227-AF180B1CA3DD,07823,2019/2020 Ganjil,3.0,A2621A5C-FD61-474B-8630-6881F4DE421A
5E90E8EB-36F0-4882-8AF2-11F31342D6A8,5028F1E9-E954-4F62-9244-BAB2C3E3A475,643B38E5-959C-4F2D-A860-FB4213AF0F10,39252,2016/2017 Genap,4.0,7342029A-935E-4663-9C23-499AC1F208F0
55F47273-9556-4BA7-9F09-11FE3605122D,5028F1E9-E954-4F62-9244-BAB2C3E3A475,414D99F7-9871-4619-A227-AF180B1CA3DD,79580,2018/2019 Ganjil,3.0,3EC20107-DBFD-46AB-8657-6EC4EA162992
65F9278A-1847-4D91-A779-1363DE68D44B,D5D36093-9656-43FE-BFCC-C1ED1873EECB,6B0F2D42-820F-40F8-BE60-21405E4508E4,80397,2018/2019 Ganjil,3.0,7342029A-935E-4663-9C23-499AC1F208F0
25D7E4B5-D907-4E4D-8EF3-15EC04BE6457,D5D36093-9656-43FE-BFCC-C1ED1873EECB,D98E00DE-142E-42AC-9E61-0CF8602DDB64,52702,2017/2018 Ganjil,3.0,08524EAD-4ADA-4CC9-B3BF-DAFC969CE520
9E4440BA-907A-4EF4-88AF-1669DA780133,D5D36093-9656-43FE-BFCC-C1ED1873EECB,78C1AC6A-BA3C-4778-9870-7E9579F3F4D1,08238,2019/2020 Ganjil,3.0,D0F3F09A-6186-40C3-89BC-CABFEDC3DDA3
3D31F574-13C0-4B74-AF2D-1736DAA5FE84,D5D36093-9656-43FE-BFCC-C1ED1873EECB,1ECD6BD1-35C9-4215-BA21-6CF9035DCFE5,92201,2018/2019 Genap,3.0,5B295E23-8A4B-47FE-A8DE-2E088E0F13E1
4B6B035D-E9C5-464D-B6AC-17EA6FB81DD2,D5D36093-9656-43FE-BFCC-C1ED1873EECB,9F4810ED-8A30-42CA-AE52-39704B50230C,58884,2021/2022 Ganjil,4.0,9047F554-8CAB-4FAD-ABC5-E37D3DBB9F20
0001D544-A688-4174-99C0-1AA5AAA8382F,5028F1E9-E954-4F62-9244-BAB2C3E3A475,FF358162-1A14-4F62-8376-1A0F3128995D,80475,2018/2019 Ganjil,3.0,EAA0C200-7DD6-400D-B520-0F1DD724235D
EB3E3F65-9F68-4455-B100-1C809BED6305,D5D36093-9656-43FE-BFCC-C1ED1873EECB,5F280065-0658-47D8-A00A-764DAD70C291,80075,2018/2019 Ganjil,3.0,5B295E23-8A4B-47FE-A8DE-2E088E0F13E1
C4DBD7F2-296F-4D7F-A30C-1CF7E7E02EE6,D5D36093-9656-43FE-BFCC-C1ED1873EECB,4D8F3B25-C242-4A81-A4D6-7FB11EC86A01,19866,2019/2020 Genap,4.0,CC5C3ABF-DEB4-423C-A0AE-B49500E86718
C9663381-8508-428B-813C-1FFB1B7D54B8,D5D36093-9656-43FE-BFCC-C1ED1873EECB,4B7575A1-4415-4674-BFD2-2113EE18A7B1,80428,2018/2019 Ganjil,4.0,927CA223-9E30-4E22-8108-0F13FAB1F79B
E4118E0F-17CC-41A6-AF87-20EA7DF27554,5028F1E9-E954-4F62-9244-BAB2C3E3A475,DF22A61B-3E76-4EC4-AAA3-75DC1ED0E991,39249,2016/2017 Genap,3.0,9F912736-201F-4256-BA99-B647D14DBFEC
BF4C5C16-E31B-4CFB-ABAC-215043D3EB31,D5D36093-9656-43FE-BFCC-C1ED1873EECB,2C74B826-0B8B-4068-A997-28862A78620F,80077,2018/2019 Ganjil,4.0,EAA0C200-7DD6-400D-B520-0F1DD724235D
C502B00A-3C82-494D-B061-26CA6882ACB5,D5D36093-9656-43FE-BFCC-C1ED1873EECB,34EF4924-D9AA-427C-84DB-1FEEC5459ECC,39196,2016/2017 Genap,3.0,1FA0BF3C-AB4C-44BA-9203-7E751EC4B433
41F988EA-5659-4AD1-9726-26EA816FDC1E,5028F1E9-E954-4F62-9244-BAB2C3E3A475,7D88003D-3863-4E4D-BC3D-5B05CA91572C,80433,2018/2019 Ganjil,4.0,6D094557-3929-4029-B7E8-4E2A1670B297
54BE3FD8-C943-4885-9191-2794F6EF4A07,5028F1E9-E954-4F62-9244-BAB2C3E3A475,18DD1D36-E69A-4B7C-A3AA-C8ABEA3A7B6F,21857,2019/2020 Genap,6.0,BA1BC5A0-5E7C-47D0-9671-067360BD6406
54BE3FD8-C943-4885-9191-2794F6EF4A07,5028F1E9-E954-4F62-9244-BAB2C3E3A475,18DD1D36-E69A-4B7C-A3AA-C8ABEA3A7B6F,21857,2019/2020 Genap,6.0,9B7B35B4-BCFE-4F64-BA89-0EBA126034D2
54BE3FD8-C943-4885-9191-2794F6EF4A07,5028F1E9-E954-4F62-9244-BAB2C3E3A475,18DD1D36-E69A-4B7C-A3AA-C8ABEA3A7B6F,21857,2019/2020 Genap,6.0,33C21275-288B-4C9F-A4C8-2196DE8F2ECE
54BE3FD8-C943-4885-9191-2794F6EF4A07,5028F1E9-E954-4F62-9244-BAB2C3E3A475,18DD1D36-E69A-4B7C-A3AA-C8ABEA3A7B6F,21857,2019/2020 Genap,6.0,B22DED39-F7E5-4FF6-8825-2D2A25A72BF7
54BE3FD8-C943-4885-9191-2794F6EF4A07,5028F1E9-E954-4F62-9244-BAB2C3E3A475,18DD1D36-E69A-4B7C-A3AA-C8ABEA3A7B6F,21857,2019/2020 Genap,6.0,5B295E23-8A4B-47FE-A8DE-2E088E0F13E1
54BE3FD8-C943-4885-9191-2794F6EF4A07,5028F1E9-E954-4F62-9244-BAB2C3E3A475,18DD1D36-E69A-4B7C-A3AA-C8ABEA3A7B6F,21857,2019/2020 Genap,6.0,B28586BD-5FC6-4A42-9677-5BDD23E91896
54BE3FD8-C943-4885-9191-2794F6EF4A07,5028F1E9-E954-4F62-9244-BAB2C3E3A475,18DD1D36-E69A-4B7C-A3AA-C8ABEA3A7B6F,21857,2019/2020 Genap,6.0,1FA0BF3C-AB4C-44BA-9203-7E751EC4B433
54BE3FD8-C943-4885-9191-2794F6EF4A07,5028F1E9-E954-4F62-9244-BAB2C3E3A475,18DD1D36-E69A-4B7C-A3AA-C8ABEA3A7B6F,21857,2019/2020 Genap,6.0,ADC42A01-D776-4C5C-961D-80A9F213FDCA
54BE3FD8-C943-4885-9191-2794F6EF4A07,5028F1E9-E954-4F62-9244-BAB2C3E3A475,18DD1D36-E69A-4B7C-A3AA-C8ABEA3A7B6F,21857,2019/2020 Genap,6.0,AEF6CACB-B7FC-4E1D-BB22-80B272568EA1
54BE3FD8-C943-4885-9191-2794F6EF4A07,5028F1E9-E954-4F62-9244-BAB2C3E3A475,18DD1D36-E69A-4B7C-A3AA-C8ABEA3A7B6F,21857,2019/2020 Genap,6.0,1793AB98-38A6-4958-859C-8797B554A48B
54BE3FD8-C943-4885-9191-2794F6EF4A07,5028F1E9-E954-4F62-9244-BAB2C3E3A475,18DD1D36-E69A-4B7C-A3AA-C8ABEA3A7B6F,21857,2019/2020 Genap,6.0,49637291-1440-45B7-8DBD-9B64DFD7FB11
54BE3FD8-C943-4885-9191-2794F6EF4A07,5028F1E9-E954-4F62-9244-BAB2C3E3A475,18DD1D36-E69A-4B7C-A3AA-C8ABEA3A7B6F,21857,2019/2020 Genap,6.0,EB586DAC-35A9-4CFE-ACCF-D88E8CA81E71
54BE3FD8-C943-4885-9191-2794F6EF4A07,5028F1E9-E954-4F62-9244-BAB2C3E3A475,18DD1D36-E69A-4B7C-A3AA-C8ABEA3A7B6F,21857,2019/2020 Genap,6.0,9047F554-8CAB-4FAD-ABC5-E37D3DBB9F20
54BE3FD8-C943-4885-9191-2794F6EF4A07,5028F1E9-E954-4F62-9244-BAB2C3E3A475,18DD1D36-E69A-4B7C-A3AA-C8ABEA3A7B6F,21857,2019/2020 Genap,6.0,0F0F9F04-9D28-433A-9B14-ED89B5633CB4
336C1F8A-96FA-4EAD-BDCB-2799963F3C29,D5D36093-9656-43FE-BFCC-C1ED1873EECB,B25ADA31-51CF-46E7-BA1C-5978FC27DA27,45698,2020/2021 Genap,4.0,9047F554-8CAB-4FAD-ABC5-E37D3DBB9F20
69447E1D-3AD6-4417-8915-27B332E639B5,C7445570-B2AD-4844-8728-52CA28A2165D,032CD0C6-5DC3-49E3-BD1E-DFAD3E635EC3,95605,2018/2019 Genap,3.0,0AE0C928-BDE6-4B25-8A9A-AAAA2E3D18FD
23048B14-D3D0-42AA-9A5A-28D0A12E426D,D5D36093-9656-43FE-BFCC-C1ED1873EECB,064ADC59-E721-4F7B-82FE-4CE4ECEC404E,39230,2016/2017 Genap,6.0,FADDCBB9-9B9D-43B6-AA52-8D697D2B7FAC
627310A7-C1B1-4BD7-95F8-28F671914C11,D5D36093-9656-43FE-BFCC-C1ED1873EECB,6B0F2D42-820F-40F8-BE60-21405E4508E4,66212,2017/2018 Genap,3.0,668DE76E-986B-4F87-BAC9-635BA1D2EC49
C53305B2-A3E2-4A8A-B4FA-291868ABC25B,D5D36093-9656-43FE-BFCC-C1ED1873EECB,0C3A0197-ECCF-4767-9D7D-6225C134328B,19922,2019/2020 Genap,3.0,08E1879A-6657-429B-BE44-FD9CB474167E
7BB55D04-1A08-4423-BABD-2A6AE4CAA72B,D5D36093-9656-43FE-BFCC-C1ED1873EECB,EF9B5E2B-CA6E-496D-8801-24DFC70CA2DF,22630,2019/2020 Genap,3.0,566CD75C-D6A0-448C-BC26-5C32A058E30B
8E7F8DA8-D9D8-4A12-884D-2C8FE98E8527,5028F1E9-E954-4F62-9244-BAB2C3E3A475,37B1A77B-FC67-4E63-8175-C6B02C3FBD06,32320,2020/2021 Ganjil,3.0,0F0F9F04-9D28-433A-9B14-ED89B5633CB4
F91449C0-7926-48F9-91AC-2CA4F5B47046,7FF5456C-A8DA-485D-93EE-3AA9E1EEA696,4AE07B07-DB46-42C4-B478-255A689C3D90,10370,2019/2020 Ganjil,2.0,2DEC38CF-D9C4-4633-84AC-5A1809A4EF65
EA253C63-83CB-4B64-B0CB-2D8A5C657106,5028F1E9-E954-4F62-9244-BAB2C3E3A475,71C23597-7DF8-4849-A848-99D2350E0AFC,08254,2019/2020 Ganjil,3.0,1793AB98-38A6-4958-859C-8797B554A48B
13AEB513-C572-4648-9568-2E795DEB7698,5028F1E9-E954-4F62-9244-BAB2C3E3A475,CD4350C2-4949-4B5A-89E4-ED7631727FB9,91819,2018/2019 Genap,3.0,9047F554-8CAB-4FAD-ABC5-E37D3DBB9F20
2BE221A3-DF54-4421-9CDC-2FACAA03B400,D5D36093-9656-43FE-BFCC-C1ED1873EECB,CA1E7A11-0264-40C1-9C08-A98C44DB01DA,08468,2019/2020 Ganjil,3.0,3F8525A6-3901-463E-A7AE-ADC8225C9D66
49379D02-426A-4132-B271-304F43EE3198,D5D36093-9656-43FE-BFCC-C1ED1873EECB,AA1B9336-536F-46F9-8076-A373299CD638,39199,2016/2017 Genap,4.0,A7041E3A-9B4A-4647-8784-6E8470129469
B7C220A2-7B9A-4BC4-B407-30AE9B3221AE,5028F1E9-E954-4F62-9244-BAB2C3E3A475,1610683D-FFC1-403F-9DBF-89F3A13E28AE,25115,2016/2017 Ganjil,6.0,47DB3BE8-554D-4ED7-AEFE-CCD86658B486
E288A307-D320-4A7E-8506-317378B84AD7,5028F1E9-E954-4F62-9244-BAB2C3E3A475,417DDA9B-598B-4707-BB3A-92AE5087F7E1,65419,2017/2018 Genap,3.0,639A9D90-B012-41EE-B2B6-6D8F04BB9126
BE788716-0D36-411E-B162-3516A084712B,5028F1E9-E954-4F62-9244-BAB2C3E3A475,9B7044D5-950B-4A71-82C7-CFE64BD82C3B,20005,2019/2020 Genap,3.0,3EC20107-DBFD-46AB-8657-6EC4EA162992
BE788716-0D36-411E-B162-3516A084712B,5028F1E9-E954-4F62-9244-BAB2C3E3A475,9B7044D5-950B-4A71-82C7-CFE64BD82C3B,20005,2019/2020 Genap,3.0,C69F3E1B-E862-4690-9C5C-E85561896393
48805C60-FE7A-4C5E-99AA-364587F34E8C,D5D36093-9656-43FE-BFCC-C1ED1873EECB,414D99F7-9871-4619-A227-AF180B1CA3DD,19935,2019/2020 Genap,3.0,A2621A5C-FD61-474B-8630-6881F4DE421A
CAC7B1FA-E2F9-4658-A83E-36F72EDFC2B3,D5D36093-9656-43FE-BFCC-C1ED1873EECB,1EDF69B1-EFA5-4EE4-A218-2107F6576456,19902,2019/2020 Genap,3.0,9B7B35B4-BCFE-4F64-BA89-0EBA126034D2
B6414129-D184-4C0E-B734-39177CE599F7,5028F1E9-E954-4F62-9244-BAB2C3E3A475,7C40638B-4037-416A-9A93-25902D2C606B,23811,2016/2017 Ganjil,3.0,9047F554-8CAB-4FAD-ABC5-E37D3DBB9F20
C43D5AF5-F06D-430C-8415-3CEA26213519,5028F1E9-E954-4F62-9244-BAB2C3E3A475,D32FDF19-6982-48BC-AEDC-6675FFA68A2B,91991,2018/2019 Genap,3.0,FA7F6904-E10C-4359-8766-6D8BC4C9B462
F450D709-B952-4C84-A3CE-3D968E9EE77B,D5D36093-9656-43FE-BFCC-C1ED1873EECB,A42DAF47-03D3-41F2-8E65-4EC02066EE46,80415,2018/2019 Ganjil,3.0,639A9D90-B012-41EE-B2B6-6D8F04BB9126
5DD0DCE8-2459-4094-9E3C-3E077B697449,F3D8C450-8DFF-4047-86E1-5FDE19312A02,A891165F-781C-49CE-89EA-2A325BEEBB8A,05049,2019/2020 Ganjil,3.0,87F00426-6CF5-4AFB-A3F9-5E060D80699A
5CA5A4EF-9206-4F68-8CBB-3E15FFCA04D7,D5D36093-9656-43FE-BFCC-C1ED1873EECB,5AF3DEF6-7F58-4988-8049-FC86D7844350,24714,2016/2017 Ganjil,4.0,7342029A-935E-4663-9C23-499AC1F208F0
22A0BDBF-458E-49F3-B88F-3E6C2A476E66,D5D36093-9656-43FE-BFCC-C1ED1873EECB,AE4650A5-8868-4521-8E7B-D71699BDE34E,20201,2019/2020 Genap,4.0,927CA223-9E30-4E22-8108-0F13FAB1F79B
F993901A-FEC2-4F5E-A370-3E7B0D14F642,5028F1E9-E954-4F62-9244-BAB2C3E3A475,3F9BDBF5-10DC-46E6-9AD4-19446F83AA98,52659,2017/2018 Ganjil,3.0,B28586BD-5FC6-4A42-9677-5BDD23E91896
ABCB569B-FE4F-4A2F-97D5-3F02BE17B9EA,D5D36093-9656-43FE-BFCC-C1ED1873EECB,E6A4A02B-79F7-422B-A909-5EFA103BAFEF,00196,2018/2019 Pendek,3.0,CC5C3ABF-DEB4-423C-A0AE-B49500E86718
6DB6C267-C421-4F66-8B12-3F92204DFA66,5028F1E9-E954-4F62-9244-BAB2C3E3A475,376E4F10-D321-46AE-92F7-8063A255EDFF,52248,2017/2018 Ganjil,3.0,9F912736-201F-4256-BA99-B647D14DBFEC
CEF478D2-6ACD-40E9-B9E6-404AB7CF8483,5028F1E9-E954-4F62-9244-BAB2C3E3A475,7D88003D-3863-4E4D-BC3D-5B05CA91572C,24734,2016/2017 Ganjil,4.0,C2CD87ED-3B0F-4EF6-8683-54543CFFDB8B
B08E45B9-44F7-4201-84FE-41A92AA5D298,D5D36093-9656-43FE-BFCC-C1ED1873EECB,7C40638B-4037-416A-9A93-25902D2C606B,46764,2016/2017 Pendek,3.0,91A175B1-BBC3-45DA-B216-2199F71C5574
2F557FD2-F5AD-4E83-8DA7-41D9CCCD22D7,5028F1E9-E954-4F62-9244-BAB2C3E3A475,59108C48-0B9B-48A0-AA2F-C87B1DEE9689,80468,2018/2019 Ganjil,3.0,0F0F9F04-9D28-433A-9B14-ED89B5633CB4
A7964C2E-8F3D-4280-9D63-4253869AF840,D5D36093-9656-43FE-BFCC-C1ED1873EECB,7D88003D-3863-4E4D-BC3D-5B05CA91572C,65598,2017/2018 Genap,4.0,6D094557-3929-4029-B7E8-4E2A1670B297
9CC1FBD9-AC7A-4CC0-A97C-4380BA066ACB,5028F1E9-E954-4F62-9244-BAB2C3E3A475,523EF965-B4A4-42AB-8E8B-E43865A13724,19994,2019/2020 Genap,3.0,33C21275-288B-4C9F-A4C8-2196DE8F2ECE
F204FA02-D0C3-4691-ABDD-4402B7E45F80,9AAE35AF-6D03-42EA-8325-A3788457D2DC,A9146F11-75F9-42A3-9B8E-26E3E2511AF8,31238,2020/2021 Ganjil,3.0,F4527DF5-85E9-4358-808C-496A4DB7556B
07653A53-ABAD-4552-A47F-45EC8358FB7A,5028F1E9-E954-4F62-9244-BAB2C3E3A475,417DDA9B-598B-4707-BB3A-92AE5087F7E1,65420,2017/2018 Genap,3.0,639A9D90-B012-41EE-B2B6-6D8F04BB9126
CB289B9D-8F02-4507-B458-4AE141D396C0,D5D36093-9656-43FE-BFCC-C1ED1873EECB,2C74B826-0B8B-4068-A997-28862A78620F,92252,2018/2019 Genap,4.0,7342029A-935E-4663-9C23-499AC1F208F0
C56B2B4F-5C6C-4237-9499-4CBF353311C7,5028F1E9-E954-4F62-9244-BAB2C3E3A475,064ADC59-E721-4F7B-82FE-4CE4ECEC404E,39237,2016/2017 Genap,6.0,0621BEC3-28EA-4D0D-853B-B51078D7CD94
1D358B94-7259-446A-BACB-4E25F1A56D5F,D5D36093-9656-43FE-BFCC-C1ED1873EECB,7D88003D-3863-4E4D-BC3D-5B05CA91572C,65605,2017/2018 Genap,4.0,C2CD87ED-3B0F-4EF6-8683-54543CFFDB8B
49F03719-AE47-4BBD-9DB3-4E27D68BB699,D5D36093-9656-43FE-BFCC-C1ED1873EECB,414D99F7-9871-4619-A227-AF180B1CA3DD,19934,2019/2020 Genap,3.0,A2621A5C-FD61-474B-8630-6881F4DE421A
21533E3A-58F1-4C63-BF59-50D18B45B822,5028F1E9-E954-4F62-9244-BAB2C3E3A475,50645CA2-3F3F-4789-ADEE-C7D791CECFB9,91959,2018/2019 Genap,3.0,B246D76D-4850-4B38-892D-2E31F90CDB41
A8100F95-3E91-4F9F-8319-51BD0F7C9C44,520C6C56-7C29-4474-839A-83CF2D10D598,0081AE33-642F-4C45-9ECA-DA440978558D,39092,2016/2017 Genap,1.0,3C90B3CE-ACEB-4CCA-B898-83560FA0E06D
A8100F95-3E91-4F9F-8319-51BD0F7C9C44,520C6C56-7C29-4474-839A-83CF2D10D598,0081AE33-642F-4C45-9ECA-DA440978558D,39092,2016/2017 Genap,1.0,BA279A46-DF89-4BD4-AD5E-C1397229BD10
B2C41AB1-9D05-4EAA-B2A3-52407396B47D,5028F1E9-E954-4F62-9244-BAB2C3E3A475,CD4350C2-4949-4B5A-89E4-ED7631727FB9,08367,2019/2020 Ganjil,3.0,9047F554-8CAB-4FAD-ABC5-E37D3DBB9F20
73FB5FD0-8479-4F9B-8570-530BD6240CEB,5028F1E9-E954-4F62-9244-BAB2C3E3A475,7EB6DCEF-D4C5-47BF-B1D3-CDA1A3C6C073,80463,2018/2019 Ganjil,3.0,FBA4FD7A-75E3-478F-B111-416830678283
73FB5FD0-8479-4F9B-8570-530BD6240CEB,5028F1E9-E954-4F62-9244-BAB2C3E3A475,7EB6DCEF-D4C5-47BF-B1D3-CDA1A3C6C073,80463,2018/2019 Ganjil,3.0,4AEC7D02-F7DF-4F8A-965C-9F513ACB8440
9858C5CC-AA67-4B20-9408-532288AB94C3,85919E55-B6AD-458C-8857-87B57866461E,29730716-FF31-4FA0-93AD-63CA5262070A,19383,2019/2020 Genap,3.0,79D93123-EE0D-4AFF-8BE8-EB72DDB2C1EF
905FAA3C-ACF3-4A54-9FA5-5373C8D137C8,D5D36093-9656-43FE-BFCC-C1ED1873EECB,0C3A0197-ECCF-4767-9D7D-6225C134328B,92204,2018/2019 Genap,3.0,08E1879A-6657-429B-BE44-FD9CB474167E
EBEAC66D-B871-4044-98B2-543EB3FD1A5B,D5D36093-9656-43FE-BFCC-C1ED1873EECB,588F4F37-473B-4457-822E-C39FE0B329AD,92256,2018/2019 Genap,4.0,566CD75C-D6A0-448C-BC26-5C32A058E30B
DA4DBD36-82BC-489B-AF7A-550A07D89429,5028F1E9-E954-4F62-9244-BAB2C3E3A475,12140A5F-917C-4A95-89EB-24E0F921B660,08298,2019/2020 Ganjil,3.0,AEF6CACB-B7FC-4E1D-BB22-80B272568EA1
B906FEF0-4982-4D74-B41B-55C4963A15F1,D5D36093-9656-43FE-BFCC-C1ED1873EECB,47731E9E-7144-4347-A86F-AA6F963F77D5,08465,2019/2020 Ganjil,3.0,B7CE36BE-F368-43E4-8DE8-264552B8859C
61098CD4-2DB0-4453-86AF-55E0904750DE,D5D36093-9656-43FE-BFCC-C1ED1873EECB,B25ADA31-51CF-46E7-BA1C-5978FC27DA27,19905,2019/2020 Genap,4.0,9047F554-8CAB-4FAD-ABC5-E37D3DBB9F20
9F6ABFEA-1887-4581-AAEB-577FB9CC4919,D5D36093-9656-43FE-BFCC-C1ED1873EECB,18DD1D36-E69A-4B7C-A3AA-C8ABEA3A7B6F,20609,2019/2020 Genap,6.0,0A7760A8-BDE2-4C81-984C-0519E3629A8A
9F6ABFEA-1887-4581-AAEB-577FB9CC4919,D5D36093-9656-43FE-BFCC-C1ED1873EECB,18DD1D36-E69A-4B7C-A3AA-C8ABEA3A7B6F,20609,2019/2020 Genap,6.0,BA1BC5A0-5E7C-47D0-9671-067360BD6406
9F6ABFEA-1887-4581-AAEB-577FB9CC4919,D5D36093-9656-43FE-BFCC-C1ED1873EECB,18DD1D36-E69A-4B7C-A3AA-C8ABEA3A7B6F,20609,2019/2020 Genap,6.0,EAA0C200-7DD6-400D-B520-0F1DD724235D
9F6ABFEA-1887-4581-AAEB-577FB9CC4919,D5D36093-9656-43FE-BFCC-C1ED1873EECB,18DD1D36-E69A-4B7C-A3AA-C8ABEA3A7B6F,20609,2019/2020 Genap,6.0,B22DED39-F7E5-4FF6-8825-2D2A25A72BF7
9F6ABFEA-1887-4581-AAEB-577FB9CC4919,D5D36093-9656-43FE-BFCC-C1ED1873EECB,18DD1D36-E69A-4B7C-A3AA-C8ABEA3A7B6F,20609,2019/2020 Genap,6.0,5B295E23-8A4B-47FE-A8DE-2E088E0F13E1
9F6ABFEA-1887-4581-AAEB-577FB9CC4919,D5D36093-9656-43FE-BFCC-C1ED1873EECB,18DD1D36-E69A-4B7C-A3AA-C8ABEA3A7B6F,20609,2019/2020 Genap,6.0,B28586BD-5FC6-4A42-9677-5BDD23E91896
9F6ABFEA-1887-4581-AAEB-577FB9CC4919,D5D36093-9656-43FE-BFCC-C1ED1873EECB,18DD1D36-E69A-4B7C-A3AA-C8ABEA3A7B6F,20609,2019/2020 Genap,6.0,668DE76E-986B-4F87-BAC9-635BA1D2EC49
9F6ABFEA-1887-4581-AAEB-577FB9CC4919,D5D36093-9656-43FE-BFCC-C1ED1873EECB,18DD1D36-E69A-4B7C-A3AA-C8ABEA3A7B6F,20609,2019/2020 Genap,6.0,FA7F6904-E10C-4359-8766-6D8BC4C9B462
9F6ABFEA-1887-4581-AAEB-577FB9CC4919,D5D36093-9656-43FE-BFCC-C1ED1873EECB,18DD1D36-E69A-4B7C-A3AA-C8ABEA3A7B6F,20609,2019/2020 Genap,6.0,639A9D90-B012-41EE-B2B6-6D8F04BB9126
9F6ABFEA-1887-4581-AAEB-577FB9CC4919,D5D36093-9656-43FE-BFCC-C1ED1873EECB,18DD1D36-E69A-4B7C-A3AA-C8ABEA3A7B6F,20609,2019/2020 Genap,6.0,3EC20107-DBFD-46AB-8657-6EC4EA162992
9F6ABFEA-1887-4581-AAEB-577FB9CC4919,D5D36093-9656-43FE-BFCC-C1ED1873EECB,18DD1D36-E69A-4B7C-A3AA-C8ABEA3A7B6F,20609,2019/2020 Genap,6.0,1FA0BF3C-AB4C-44BA-9203-7E751EC4B433
9F6ABFEA-1887-4581-AAEB-577FB9CC4919,D5D36093-9656-43FE-BFCC-C1ED1873EECB,18DD1D36-E69A-4B7C-A3AA-C8ABEA3A7B6F,20609,2019/2020 Genap,6.0,ADC42A01-D776-4C5C-961D-80A9F213FDCA
9F6ABFEA-1887-4581-AAEB-577FB9CC4919,D5D36093-9656-43FE-BFCC-C1ED1873EECB,18DD1D36-E69A-4B7C-A3AA-C8ABEA3A7B6F,20609,2019/2020 Genap,6.0,49637291-1440-45B7-8DBD-9B64DFD7FB11
9F6ABFEA-1887-4581-AAEB-577FB9CC4919,D5D36093-9656-43FE-BFCC-C1ED1873EECB,18DD1D36-E69A-4B7C-A3AA-C8ABEA3A7B6F,20609,2019/2020 Genap,6.0,4AEC7D02-F7DF-4F8A-965C-9F513ACB8440
9F6ABFEA-1887-4581-AAEB-577FB9CC4919,D5D36093-9656-43FE-BFCC-C1ED1873EECB,18DD1D36-E69A-4B7C-A3AA-C8ABEA3A7B6F,20609,2019/2020 Genap,6.0,23F0097D-8EF8-48E0-9C32-A4E420B1E82A
9F6ABFEA-1887-4581-AAEB-577FB9CC4919,D5D36093-9656-43FE-BFCC-C1ED1873EECB,18DD1D36-E69A-4B7C-A3AA-C8ABEA3A7B6F,20609,2019/2020 Genap,6.0,899BA724-5B0A-4FCA-AD88-AB474AE07F1F
9F6ABFEA-1887-4581-AAEB-577FB9CC4919,D5D36093-9656-43FE-BFCC-C1ED1873EECB,18DD1D36-E69A-4B7C-A3AA-C8ABEA3A7B6F,20609,2019/2020 Genap,6.0,3F8525A6-3901-463E-A7AE-ADC8225C9D66
9F6ABFEA-1887-4581-AAEB-577FB9CC4919,D5D36093-9656-43FE-BFCC-C1ED1873EECB,18DD1D36-E69A-4B7C-A3AA-C8ABEA3A7B6F,20609,2019/2020 Genap,6.0,EB586DAC-35A9-4CFE-ACCF-D88E8CA81E71
9F6ABFEA-1887-4581-AAEB-577FB9CC4919,D5D36093-9656-43FE-BFCC-C1ED1873EECB,18DD1D36-E69A-4B7C-A3AA-C8ABEA3A7B6F,20609,2019/2020 Genap,6.0,9047F554-8CAB-4FAD-ABC5-E37D3DBB9F20
9F6ABFEA-1887-4581-AAEB-577FB9CC4919,D5D36093-9656-43FE-BFCC-C1ED1873EECB,18DD1D36-E69A-4B7C-A3AA-C8ABEA3A7B6F,20609,2019/2020 Genap,6.0,08E1879A-6657-429B-BE44-FD9CB474167E
8F413686-91A9-4A0F-89BB-57C84187E3C9,D5D36093-9656-43FE-BFCC-C1ED1873EECB,D33BFCB2-C088-4BC3-BFBD-684B944C20D1,19929,2019/2020 Genap,3.0,68E2F44F-F58F-40BC-9EC0-57DBC5613206
3F8EE389-B273-4804-BAEC-58C7153F780F,85919E55-B6AD-458C-8857-87B57866461E,32C9BB9D-6E55-4DB2-91E9-5C1AE514D151,19398,2019/2020 Genap,3.0,DBBAA4BD-4565-4F95-97EF-B16561924DA2
3B5E8729-86BA-454E-BFE8-5929959DB09B,5028F1E9-E954-4F62-9244-BAB2C3E3A475,26148351-F1CA-46EB-A72C-AD8E1ABCF7E5,23759,2016/2017 Ganjil,3.0,566CD75C-D6A0-448C-BC26-5C32A058E30B
4599AD9F-2327-4F2F-BBB7-595E55912C65,D5D36093-9656-43FE-BFCC-C1ED1873EECB,85804BB3-CDF1-4B65-B7A8-659E8963D4D1,65787,2017/2018 Genap,3.0,B22DED39-F7E5-4FF6-8825-2D2A25A72BF7
4599AD9F-2327-4F2F-BBB7-595E55912C65,D5D36093-9656-43FE-BFCC-C1ED1873EECB,85804BB3-CDF1-4B65-B7A8-659E8963D4D1,65787,2017/2018 Genap,3.0,1FA0BF3C-AB4C-44BA-9203-7E751EC4B433
83C5042A-65EC-486F-85B3-5C0A36BB8BD3,5028F1E9-E954-4F62-9244-BAB2C3E3A475,06683E31-FC69-488C-8A4B-7F443A505160,32334,2020/2021 Ganjil,3.0,566CD75C-D6A0-448C-BC26-5C32A058E30B
CEDBAA99-0CB6-4533-A13C-5E3FE8799892,5028F1E9-E954-4F62-9244-BAB2C3E3A475,7EB6DCEF-D4C5-47BF-B1D3-CDA1A3C6C073,20000,2019/2020 Genap,3.0,FBA4FD7A-75E3-478F-B111-416830678283
F7F02516-E094-4BF4-B279-60C301B2B4C7,D5D36093-9656-43FE-BFCC-C1ED1873EECB,18DD1D36-E69A-4B7C-A3AA-C8ABEA3A7B6F,59005,2021/2022 Ganjil,6.0,EAA0C200-7DD6-400D-B520-0F1DD724235D
F7F02516-E094-4BF4-B279-60C301B2B4C7,D5D36093-9656-43FE-BFCC-C1ED1873EECB,18DD1D36-E69A-4B7C-A3AA-C8ABEA3A7B6F,59005,2021/2022 Ganjil,6.0,EA699B8C-9CBC-4B2A-BEAE-3581F83EF8BD
F7F02516-E094-4BF4-B279-60C301B2B4C7,D5D36093-9656-43FE-BFCC-C1ED1873EECB,18DD1D36-E69A-4B7C-A3AA-C8ABEA3A7B6F,59005,2021/2022 Ganjil,6.0,B28586BD-5FC6-4A42-9677-5BDD23E91896
F7F02516-E094-4BF4-B279-60C301B2B4C7,D5D36093-9656-43FE-BFCC-C1ED1873EECB,18DD1D36-E69A-4B7C-A3AA-C8ABEA3A7B6F,59005,2021/2022 Ganjil,6.0,3EC20107-DBFD-46AB-8657-6EC4EA162992
F7F02516-E094-4BF4-B279-60C301B2B4C7,D5D36093-9656-43FE-BFCC-C1ED1873EECB,18DD1D36-E69A-4B7C-A3AA-C8ABEA3A7B6F,59005,2021/2022 Ganjil,6.0,EB586DAC-35A9-4CFE-ACCF-D88E8CA81E71
4323B5CA-AF11-400F-8594-62958235C679,D5D36093-9656-43FE-BFCC-C1ED1873EECB,26148351-F1CA-46EB-A72C-AD8E1ABCF7E5,39225,2016/2017 Genap,3.0,566CD75C-D6A0-448C-BC26-5C32A058E30B
F0605AD9-1197-4F5E-A0E2-636675ABF8CF,D5D36093-9656-43FE-BFCC-C1ED1873EECB,AE4650A5-8868-4521-8E7B-D71699BDE34E,20208,2019/2020 Genap,4.0,927CA223-9E30-4E22-8108-0F13FAB1F79B
49910ACF-29B5-4E74-B8A3-637E7079E390,5028F1E9-E954-4F62-9244-BAB2C3E3A475,7EB6DCEF-D4C5-47BF-B1D3-CDA1A3C6C073,08181,2019/2020 Ganjil,3.0,B246D76D-4850-4B38-892D-2E31F90CDB41
49910ACF-29B5-4E74-B8A3-637E7079E390,5028F1E9-E954-4F62-9244-BAB2C3E3A475,7EB6DCEF-D4C5-47BF-B1D3-CDA1A3C6C073,08181,2019/2020 Ganjil,3.0,FBA4FD7A-75E3-478F-B111-416830678283
325AB77A-4006-41FD-8815-6650AE819514,D5D36093-9656-43FE-BFCC-C1ED1873EECB,D33BFCB2-C088-4BC3-BFBD-684B944C20D1,19930,2019/2020 Genap,3.0,68E2F44F-F58F-40BC-9EC0-57DBC5613206
A852C1C5-744E-4A8D-AD98-66813992CA7D,D5D36093-9656-43FE-BFCC-C1ED1873EECB,26148351-F1CA-46EB-A72C-AD8E1ABCF7E5,39222,2016/2017 Genap,3.0,68E2F44F-F58F-40BC-9EC0-57DBC5613206
2497D318-7F4C-46C7-B0C2-683ABDA791FA,D5D36093-9656-43FE-BFCC-C1ED1873EECB,8E082988-DD71-428B-9EAA-E71F13889A9F,80383,2018/2019 Ganjil,4.0,ADC42A01-D776-4C5C-961D-80A9F213FDCA
C44E702B-7658-4326-8393-68450BFAAF2E,5028F1E9-E954-4F62-9244-BAB2C3E3A475,7D88003D-3863-4E4D-BC3D-5B05CA91572C,08472,2019/2020 Ganjil,4.0,6D094557-3929-4029-B7E8-4E2A1670B297
BF902538-3743-4243-A692-6982EEF9B84E,5028F1E9-E954-4F62-9244-BAB2C3E3A475,9B7044D5-950B-4A71-82C7-CFE64BD82C3B,92034,2018/2019 Genap,3.0,C2CD87ED-3B0F-4EF6-8683-54543CFFDB8B
1F963359-2889-4575-9D5A-69A1D9419839,D5D36093-9656-43FE-BFCC-C1ED1873EECB,18DD1D36-E69A-4B7C-A3AA-C8ABEA3A7B6F,20615,2019/2020 Genap,6.0,0A7760A8-BDE2-4C81-984C-0519E3629A8A
1F963359-2889-4575-9D5A-69A1D9419839,D5D36093-9656-43FE-BFCC-C1ED1873EECB,18DD1D36-E69A-4B7C-A3AA-C8ABEA3A7B6F,20615,2019/2020 Genap,6.0,BA1BC5A0-5E7C-47D0-9671-067360BD6406
1F963359-2889-4575-9D5A-69A1D9419839,D5D36093-9656-43FE-BFCC-C1ED1873EECB,18DD1D36-E69A-4B7C-A3AA-C8ABEA3A7B6F,20615,2019/2020 Genap,6.0,B22DED39-F7E5-4FF6-8825-2D2A25A72BF7
1F963359-2889-4575-9D5A-69A1D9419839,D5D36093-9656-43FE-BFCC-C1ED1873EECB,18DD1D36-E69A-4B7C-A3AA-C8ABEA3A7B6F,20615,2019/2020 Genap,6.0,B28586BD-5FC6-4A42-9677-5BDD23E91896
1F963359-2889-4575-9D5A-69A1D9419839,D5D36093-9656-43FE-BFCC-C1ED1873EECB,18DD1D36-E69A-4B7C-A3AA-C8ABEA3A7B6F,20615,2019/2020 Genap,6.0,3EC20107-DBFD-46AB-8657-6EC4EA162992
1F963359-2889-4575-9D5A-69A1D9419839,D5D36093-9656-43FE-BFCC-C1ED1873EECB,18DD1D36-E69A-4B7C-A3AA-C8ABEA3A7B6F,20615,2019/2020 Genap,6.0,1FA0BF3C-AB4C-44BA-9203-7E751EC4B433
1F963359-2889-4575-9D5A-69A1D9419839,D5D36093-9656-43FE-BFCC-C1ED1873EECB,18DD1D36-E69A-4B7C-A3AA-C8ABEA3A7B6F,20615,2019/2020 Genap,6.0,ADC42A01-D776-4C5C-961D-80A9F213FDCA
1F963359-2889-4575-9D5A-69A1D9419839,D5D36093-9656-43FE-BFCC-C1ED1873EECB,18DD1D36-E69A-4B7C-A3AA-C8ABEA3A7B6F,20615,2019/2020 Genap,6.0,9047F554-8CAB-4FAD-ABC5-E37D3DBB9F20
C57ECB27-7A5B-42B3-8675-69A9C7FEF8D0,D5D36093-9656-43FE-BFCC-C1ED1873EECB,F294F25E-E3EB-42D5-B48B-441750FAF45F,19863,2019/2020 Genap,3.0,639A9D90-B012-41EE-B2B6-6D8F04BB9126
EFEC2372-FEAD-43DE-B607-6A31ED7F4F5F,5028F1E9-E954-4F62-9244-BAB2C3E3A475,9B7044D5-950B-4A71-82C7-CFE64BD82C3B,65257,2017/2018 Genap,3.0,3EC20107-DBFD-46AB-8657-6EC4EA162992
ADB7E4D1-704D-47C1-9194-6B36585DBE96,D5D36093-9656-43FE-BFCC-C1ED1873EECB,36E98BDA-F9E3-4EE0-9B47-3863F29C262F,32391,2020/2021 Ganjil,4.0,B28586BD-5FC6-4A42-9677-5BDD23E91896
772B9173-A333-447E-BD88-6B3FB1FA75F2,D5D36093-9656-43FE-BFCC-C1ED1873EECB,AE4650A5-8868-4521-8E7B-D71699BDE34E,65944,2017/2018 Genap,4.0,927CA223-9E30-4E22-8108-0F13FAB1F79B
772B9173-A333-447E-BD88-6B3FB1FA75F2,D5D36093-9656-43FE-BFCC-C1ED1873EECB,AE4650A5-8868-4521-8E7B-D71699BDE34E,65944,2017/2018 Genap,4.0,9047F554-8CAB-4FAD-ABC5-E37D3DBB9F20
41A425CD-9022-4C4E-B26E-6D3183E3E710,D5D36093-9656-43FE-BFCC-C1ED1873EECB,CA1E7A11-0264-40C1-9C08-A98C44DB01DA,11378,2019/2020 Ganjil,3.0,EAA0C200-7DD6-400D-B520-0F1DD724235D
C97EB928-5FF5-423B-B94B-70988DBDA9A7,D5D36093-9656-43FE-BFCC-C1ED1873EECB,8D9F8444-BEEC-4EA6-A6B0-D5B433C86082,65686,2017/2018 Genap,4.0,D0F3F09A-6186-40C3-89BC-CABFEDC3DDA3
2620DBFB-9ACB-4036-B394-70C501F7A0A7,D5D36093-9656-43FE-BFCC-C1ED1873EECB,588F4F37-473B-4457-822E-C39FE0B329AD,19919,2019/2020 Genap,4.0,566CD75C-D6A0-448C-BC26-5C32A058E30B
70CBE5C1-29A0-4D0E-8636-71A0BEB48F8D,D5D36093-9656-43FE-BFCC-C1ED1873EECB,1EDF69B1-EFA5-4EE4-A218-2107F6576456,97850,2018/2019 Genap,3.0,0A7760A8-BDE2-4C81-984C-0519E3629A8A
1B5C2339-FBF9-4249-9500-7294D899F5CB,5028F1E9-E954-4F62-9244-BAB2C3E3A475,CD4350C2-4949-4B5A-89E4-ED7631727FB9,91821,2018/2019 Genap,3.0,B22DED39-F7E5-4FF6-8825-2D2A25A72BF7
95743E71-3127-43A2-B508-73993B1B9503,D5D36093-9656-43FE-BFCC-C1ED1873EECB,3E62A66D-6B62-48D2-B931-D02D14A751E8,80371,2018/2019 Ganjil,4.0,B28586BD-5FC6-4A42-9677-5BDD23E91896
5AF11AEC-B4C4-4E40-A1C3-75AFD041DA26,D5D36093-9656-43FE-BFCC-C1ED1873EECB,D33BFCB2-C088-4BC3-BFBD-684B944C20D1,92273,2018/2019 Genap,3.0,68E2F44F-F58F-40BC-9EC0-57DBC5613206
6B69773F-DA86-473E-A2DB-75DA4BFB780A,D5D36093-9656-43FE-BFCC-C1ED1873EECB,34EF4924-D9AA-427C-84DB-1FEEC5459ECC,46804,2016/2017 Pendek,3.0,CC5C3ABF-DEB4-423C-A0AE-B49500E86718
6335EE1E-D68F-405F-9566-7686D63B4F49,D5D36093-9656-43FE-BFCC-C1ED1873EECB,34EF4924-D9AA-427C-84DB-1FEEC5459ECC,46763,2016/2017 Pendek,3.0,08E1879A-6657-429B-BE44-FD9CB474167E
59AEA2D2-714B-44B5-82CD-7717C5AF41A3,5028F1E9-E954-4F62-9244-BAB2C3E3A475,CD4350C2-4949-4B5A-89E4-ED7631727FB9,91816,2018/2019 Genap,3.0,5B295E23-8A4B-47FE-A8DE-2E088E0F13E1
A7CAC4E5-E949-4EA3-BC34-77239662D569,5028F1E9-E954-4F62-9244-BAB2C3E3A475,9B7044D5-950B-4A71-82C7-CFE64BD82C3B,45585,2020/2021 Genap,3.0,B246D76D-4850-4B38-892D-2E31F90CDB41
A7CAC4E5-E949-4EA3-BC34-77239662D569,5028F1E9-E954-4F62-9244-BAB2C3E3A475,9B7044D5-950B-4A71-82C7-CFE64BD82C3B,45585,2020/2021 Genap,3.0,C69F3E1B-E862-4690-9C5C-E85561896393
EF3B8FE6-569B-4759-A3FE-793943B8B782,5028F1E9-E954-4F62-9244-BAB2C3E3A475,CB26C761-DDFA-4F61-B0DF-5C2A5E19190B,80614,2018/2019 Ganjil,3.0,FA7F6904-E10C-4359-8766-6D8BC4C9B462
088E2AEF-F3EF-4325-A976-794850A3B470,D5D36093-9656-43FE-BFCC-C1ED1873EECB,4B7575A1-4415-4674-BFD2-2113EE18A7B1,65556,2017/2018 Genap,4.0,927CA223-9E30-4E22-8108-0F13FAB1F79B
0A4D3C74-1E1C-44A5-9C6A-796781334E23,5028F1E9-E954-4F62-9244-BAB2C3E3A475,34EF4924-D9AA-427C-84DB-1FEEC5459ECC,65426,2017/2018 Genap,3.0,1FA0BF3C-AB4C-44BA-9203-7E751EC4B433
5AA15A8F-38DD-4BE5-997F-79EC0E16F6F0,D5D36093-9656-43FE-BFCC-C1ED1873EECB,3D7BEA02-4B6D-4F0F-A33A-2CCBCB86039F,52523,2017/2018 Ganjil,3.0,91A175B1-BBC3-45DA-B216-2199F71C5574
D2582950-93C7-467A-9F05-7D465A83D316,5028F1E9-E954-4F62-9244-BAB2C3E3A475,D94706EC-5862-4AE8-8BD7-02BEA146F2CD,07581,2019/2020 Ganjil,3.0,5112E28D-3BC1-46A7-9BC5-B767B4D567DE
3EE4C194-3492-4CF4-B977-7E02D782696A,5028F1E9-E954-4F62-9244-BAB2C3E3A475,523EF965-B4A4-42AB-8E8B-E43865A13724,19995,2019/2020 Genap,3.0,33C21275-288B-4C9F-A4C8-2196DE8F2ECE
4C65419B-6B4F-416E-9F1C-7E17B646E6EE,5028F1E9-E954-4F62-9244-BAB2C3E3A475,CD4350C2-4949-4B5A-89E4-ED7631727FB9,80431,2018/2019 Ganjil,3.0,9047F554-8CAB-4FAD-ABC5-E37D3DBB9F20
C9120F17-6CA1-4CDC-BE05-805097FCF739,5028F1E9-E954-4F62-9244-BAB2C3E3A475,CD4350C2-4949-4B5A-89E4-ED7631727FB9,91827,2018/2019 Genap,3.0,0F0F9F04-9D28-433A-9B14-ED89B5633CB4
479E0527-7333-4E9A-8C7C-809DA077B08B,5028F1E9-E954-4F62-9244-BAB2C3E3A475,1261051F-A78A-4CA6-8B00-4549C0284597,23700,2016/2017 Ganjil,3.0,657E75D5-533C-45E2-A4F6-CDDCB4F6245D
DF79B1B4-8FBE-442C-BC3A-810E9ACDA456,D5D36093-9656-43FE-BFCC-C1ED1873EECB,7C40638B-4037-416A-9A93-25902D2C606B,58977,2021/2022 Ganjil,0.0,9B7B35B4-BCFE-4F64-BA89-0EBA126034D2
DF79B1B4-8FBE-442C-BC3A-810E9ACDA456,D5D36093-9656-43FE-BFCC-C1ED1873EECB,7C40638B-4037-416A-9A93-25902D2C606B,58977,2021/2022 Ganjil,0.0,566CD75C-D6A0-448C-BC26-5C32A058E30B
CBF6ED0C-54FF-4553-8834-8251E60DBFB7,5028F1E9-E954-4F62-9244-BAB2C3E3A475,18DD1D36-E69A-4B7C-A3AA-C8ABEA3A7B6F,08258,2019/2020 Ganjil,6.0,9B7B35B4-BCFE-4F64-BA89-0EBA126034D2
CBF6ED0C-54FF-4553-8834-8251E60DBFB7,5028F1E9-E954-4F62-9244-BAB2C3E3A475,18DD1D36-E69A-4B7C-A3AA-C8ABEA3A7B6F,08258,2019/2020 Ganjil,6.0,33C21275-288B-4C9F-A4C8-2196DE8F2ECE
CBF6ED0C-54FF-4553-8834-8251E60DBFB7,5028F1E9-E954-4F62-9244-BAB2C3E3A475,18DD1D36-E69A-4B7C-A3AA-C8ABEA3A7B6F,08258,2019/2020 Ganjil,6.0,B22DED39-F7E5-4FF6-8825-2D2A25A72BF7
CBF6ED0C-54FF-4553-8834-8251E60DBFB7,5028F1E9-E954-4F62-9244-BAB2C3E3A475,18DD1D36-E69A-4B7C-A3AA-C8ABEA3A7B6F,08258,2019/2020 Ganjil,6.0,5B295E23-8A4B-47FE-A8DE-2E088E0F13E1
CBF6ED0C-54FF-4553-8834-8251E60DBFB7,5028F1E9-E954-4F62-9244-BAB2C3E3A475,18DD1D36-E69A-4B7C-A3AA-C8ABEA3A7B6F,08258,2019/2020 Ganjil,6.0,B28586BD-5FC6-4A42-9677-5BDD23E91896
CBF6ED0C-54FF-4553-8834-8251E60DBFB7,5028F1E9-E954-4F62-9244-BAB2C3E3A475,18DD1D36-E69A-4B7C-A3AA-C8ABEA3A7B6F,08258,2019/2020 Ganjil,6.0,1FA0BF3C-AB4C-44BA-9203-7E751EC4B433
CBF6ED0C-54FF-4553-8834-8251E60DBFB7,5028F1E9-E954-4F62-9244-BAB2C3E3A475,18DD1D36-E69A-4B7C-A3AA-C8ABEA3A7B6F,08258,2019/2020 Ganjil,6.0,49637291-1440-45B7-8DBD-9B64DFD7FB11
CBF6ED0C-54FF-4553-8834-8251E60DBFB7,5028F1E9-E954-4F62-9244-BAB2C3E3A475,18DD1D36-E69A-4B7C-A3AA-C8ABEA3A7B6F,08258,2019/2020 Ganjil,6.0,3F8525A6-3901-463E-A7AE-ADC8225C9D66
CBF6ED0C-54FF-4553-8834-8251E60DBFB7,5028F1E9-E954-4F62-9244-BAB2C3E3A475,18DD1D36-E69A-4B7C-A3AA-C8ABEA3A7B6F,08258,2019/2020 Ganjil,6.0,9047F554-8CAB-4FAD-ABC5-E37D3DBB9F20
CBF6ED0C-54FF-4553-8834-8251E60DBFB7,5028F1E9-E954-4F62-9244-BAB2C3E3A475,18DD1D36-E69A-4B7C-A3AA-C8ABEA3A7B6F,08258,2019/2020 Ganjil,6.0,0F0F9F04-9D28-433A-9B14-ED89B5633CB4
A0D80FB4-7294-4A72-B391-83AD7C1CFE3D,5028F1E9-E954-4F62-9244-BAB2C3E3A475,1610683D-FFC1-403F-9DBF-89F3A13E28AE,24248,2016/2017 Ganjil,6.0,4AFB663A-475D-4550-90C3-CCE5CA261221
14FCF7E2-7190-4442-889E-84F1B7E1F1A6,D5D36093-9656-43FE-BFCC-C1ED1873EECB,EF9B5E2B-CA6E-496D-8801-24DFC70CA2DF,19920,2019/2020 Genap,3.0,3F8525A6-3901-463E-A7AE-ADC8225C9D66
BFAE1077-E599-4391-906F-8520A6C38898,5028F1E9-E954-4F62-9244-BAB2C3E3A475,D94706EC-5862-4AE8-8BD7-02BEA146F2CD,08178,2019/2020 Ganjil,3.0,5112E28D-3BC1-46A7-9BC5-B767B4D567DE
790237B4-9AE0-4B7B-AE7D-85AF6CEC07FB,D5D36093-9656-43FE-BFCC-C1ED1873EECB,1EDF69B1-EFA5-4EE4-A218-2107F6576456,19903,2019/2020 Genap,3.0,0A7760A8-BDE2-4C81-984C-0519E3629A8A
1287BA99-57A7-46D8-97B6-87CBF7826583,D5D36093-9656-43FE-BFCC-C1ED1873EECB,48F43BEF-B92A-4886-A881-71F88BF177BF,08474,2019/2020 Ganjil,3.0,23F0097D-8EF8-48E0-9C32-A4E420B1E82A
129E1717-0FA5-4E25-9AB0-87F4855ACD8B,D5D36093-9656-43FE-BFCC-C1ED1873EECB,FEBC98AE-E1C0-435F-B0DE-4B63B314DEC0,32497,2020/2021 Ganjil,3.0,0A7760A8-BDE2-4C81-984C-0519E3629A8A
D74157E2-FBC4-4273-8BF3-89704E66DD97,5028F1E9-E954-4F62-9244-BAB2C3E3A475,26148351-F1CA-46EB-A72C-AD8E1ABCF7E5,23752,2016/2017 Ganjil,3.0,68E2F44F-F58F-40BC-9EC0-57DBC5613206
E5A97C3D-C71E-47B7-9C7C-898510A50B17,5028F1E9-E954-4F62-9244-BAB2C3E3A475,376E4F10-D321-46AE-92F7-8063A255EDFF,80487,2018/2019 Ganjil,3.0,0D8D3937-11FA-44DC-967A-CEE3A884AD6B
1AF95410-7A37-4F76-9888-8B16E334C5C2,7FF5456C-A8DA-485D-93EE-3AA9E1EEA696,4AE07B07-DB46-42C4-B478-255A689C3D90,10742,2019/2020 Ganjil,2.0,EBFD03CF-79D8-4264-A624-B77D47C5043B
4126D77D-0DB1-497F-BF6B-903FB67B125D,7FF5456C-A8DA-485D-93EE-3AA9E1EEA696,ED6FB8ED-287A-4528-8F78-96F01E1C3F43,39374,2020/2021 Ganjil,2.0,3E8060FB-B258-43ED-A486-BFB7532D5FDD
4126D77D-0DB1-497F-BF6B-903FB67B125D,7FF5456C-A8DA-485D-93EE-3AA9E1EEA696,ED6FB8ED-287A-4528-8F78-96F01E1C3F43,39374,2020/2021 Ganjil,2.0,AE2350C5-9842-4B54-BFDC-E567CC74875F
2ECA9C2D-E544-4ECA-AC05-9040B402F639,5028F1E9-E954-4F62-9244-BAB2C3E3A475,7EB6DCEF-D4C5-47BF-B1D3-CDA1A3C6C073,92037,2018/2019 Genap,3.0,FBA4FD7A-75E3-478F-B111-416830678283
7747FB41-C669-4C2B-8E80-960163F5B8DB,D5D36093-9656-43FE-BFCC-C1ED1873EECB,85804BB3-CDF1-4B65-B7A8-659E8963D4D1,08459,2019/2020 Ganjil,3.0,B22DED39-F7E5-4FF6-8825-2D2A25A72BF7
7747FB41-C669-4C2B-8E80-960163F5B8DB,D5D36093-9656-43FE-BFCC-C1ED1873EECB,85804BB3-CDF1-4B65-B7A8-659E8963D4D1,08459,2019/2020 Ganjil,3.0,1FA0BF3C-AB4C-44BA-9203-7E751EC4B433
F5CB322E-313E-4274-8FAD-961C80DA200F,5028F1E9-E954-4F62-9244-BAB2C3E3A475,C18ABC02-60DB-442C-8660-A6A241B96FDD,08299,2019/2020 Ganjil,3.0,FA7F6904-E10C-4359-8766-6D8BC4C9B462
F5CB322E-313E-4274-8FAD-961C80DA200F,5028F1E9-E954-4F62-9244-BAB2C3E3A475,C18ABC02-60DB-442C-8660-A6A241B96FDD,08299,2019/2020 Ganjil,3.0,49637291-1440-45B7-8DBD-9B64DFD7FB11
102E99F1-3D18-4999-95B4-96643F530A0A,5028F1E9-E954-4F62-9244-BAB2C3E3A475,B122A03F-B176-4262-B208-B2F5C4DCCE4F,91912,2018/2019 Genap,3.0,49637291-1440-45B7-8DBD-9B64DFD7FB11
7376EEC2-0F04-44B3-A52D-99398365C455,D5D36093-9656-43FE-BFCC-C1ED1873EECB,EB9140A6-0591-4005-9463-9EC03A904FF7,32494,2020/2021 Ganjil,3.0,B7CE36BE-F368-43E4-8DE8-264552B8859C
62E3D064-D0BE-4436-AAB8-995851800E92,D5D36093-9656-43FE-BFCC-C1ED1873EECB,D98E00DE-142E-42AC-9E61-0CF8602DDB64,80372,2018/2019 Ganjil,3.0,08524EAD-4ADA-4CC9-B3BF-DAFC969CE520
51C48651-8E1E-4347-914A-996A87D0C50A,D5D36093-9656-43FE-BFCC-C1ED1873EECB,5AF3DEF6-7F58-4988-8049-FC86D7844350,24710,2016/2017 Ganjil,4.0,EB586DAC-35A9-4CFE-ACCF-D88E8CA81E71
CB92FF5B-76A8-46F5-99BD-9A8991FC068E,D5D36093-9656-43FE-BFCC-C1ED1873EECB,36E98BDA-F9E3-4EE0-9B47-3863F29C262F,08471,2019/2020 Ganjil,4.0,B28586BD-5FC6-4A42-9677-5BDD23E91896
D777421A-E4CF-4E4C-ABB6-9A9B5ABB0759,D5D36093-9656-43FE-BFCC-C1ED1873EECB,5AF3DEF6-7F58-4988-8049-FC86D7844350,24706,2016/2017 Ganjil,4.0,668DE76E-986B-4F87-BAC9-635BA1D2EC49
D96038FF-C88A-4274-BF0C-9D4B01081614,5028F1E9-E954-4F62-9244-BAB2C3E3A475,1610683D-FFC1-403F-9DBF-89F3A13E28AE,24218,2016/2017 Ganjil,6.0,88688A0F-AB1A-48F4-9C1B-B066DE1F88EE
9A7036F7-8C8E-4D30-9EA4-9F628DFA8C14,D5D36093-9656-43FE-BFCC-C1ED1873EECB,71C23597-7DF8-4849-A848-99D2350E0AFC,19933,2019/2020 Genap,3.0,91A175B1-BBC3-45DA-B216-2199F71C5574
DF955216-3F41-4114-AB87-A16AB05F72B2,D5D36093-9656-43FE-BFCC-C1ED1873EECB,78C1AC6A-BA3C-4778-9870-7E9579F3F4D1,32499,2020/2021 Ganjil,3.0,D0F3F09A-6186-40C3-89BC-CABFEDC3DDA3
81DF708E-6342-44D6-8214-A24BF4B02A3D,5028F1E9-E954-4F62-9244-BAB2C3E3A475,06683E31-FC69-488C-8A4B-7F443A505160,08173,2019/2020 Ganjil,3.0,566CD75C-D6A0-448C-BC26-5C32A058E30B
64EB2A07-773E-4E54-AF23-A2B88C7C53B4,D5D36093-9656-43FE-BFCC-C1ED1873EECB,78C1AC6A-BA3C-4778-9870-7E9579F3F4D1,80370,2018/2019 Ganjil,3.0,D0F3F09A-6186-40C3-89BC-CABFEDC3DDA3
A62C454C-E42B-44DD-9E3B-A4982556C572,5028F1E9-E954-4F62-9244-BAB2C3E3A475,71C23597-7DF8-4849-A848-99D2350E0AFC,08253,2019/2020 Ganjil,3.0,75187550-6318-434C-9546-DE83F84C78D0
D3B886EC-2185-4172-9A35-A7073EEC425A,5028F1E9-E954-4F62-9244-BAB2C3E3A475,A8D1D9E8-9A75-4329-9869-66E89BE61562,91969,2018/2019 Genap,6.0,244A156F-2536-4E6E-8A03-0B3F59BEC4F0
B19E934A-6CD8-4106-9E5F-A8D19098DC72,5028F1E9-E954-4F62-9244-BAB2C3E3A475,1261051F-A78A-4CA6-8B00-4549C0284597,23696,2016/2017 Ganjil,3.0,7C3ABC73-F603-4AE6-B2AA-9006374F3865
2B983CB9-5AD6-4AC8-9C46-AA38447D30F9,D5D36093-9656-43FE-BFCC-C1ED1873EECB,A6BB989D-63CB-44A1-A1D8-77C75D85AE28,08398,2019/2020 Ganjil,3.0,EA699B8C-9CBC-4B2A-BEAE-3581F83EF8BD
FABBD13E-B221-428D-9D0D-AC8501D2448E,D5D36093-9656-43FE-BFCC-C1ED1873EECB,85804BB3-CDF1-4B65-B7A8-659E8963D4D1,80342,2018/2019 Ganjil,3.0,B22DED39-F7E5-4FF6-8825-2D2A25A72BF7
FABBD13E-B221-428D-9D0D-AC8501D2448E,D5D36093-9656-43FE-BFCC-C1ED1873EECB,85804BB3-CDF1-4B65-B7A8-659E8963D4D1,80342,2018/2019 Ganjil,3.0,1FA0BF3C-AB4C-44BA-9203-7E751EC4B433
760F011B-A493-4E6C-B55B-AD4CBCAF5B07,5028F1E9-E954-4F62-9244-BAB2C3E3A475,37B1A77B-FC67-4E63-8175-C6B02C3FBD06,08171,2019/2020 Ganjil,3.0,0F0F9F04-9D28-433A-9B14-ED89B5633CB4
D4CCA060-8D67-4ED0-80E6-AE1D1F2E6846,5028F1E9-E954-4F62-9244-BAB2C3E3A475,978CA15B-BC5C-4FBC-9AE6-E32184EC12CC,23891,2016/2017 Ganjil,4.0,08E1879A-6657-429B-BE44-FD9CB474167E
13579BF3-92D7-44D2-9D30-AF0BCFBADCA0,5028F1E9-E954-4F62-9244-BAB2C3E3A475,BAAF8ECF-9F0F-43BC-B30C-CC7FCB3BE077,84902,2018/2019 Ganjil,3.0,B22DED39-F7E5-4FF6-8825-2D2A25A72BF7
03066CA4-79B4-4628-8845-AF17D7FBCC15,F123DF4E-271A-4AE3-A559-04422C0B31EC,2A756B95-FEF1-4E7B-BB32-9361CA9F627E,06116,2019/2020 Ganjil,3.0,CF3066FC-664E-4A14-B7D3-611F03858BE7
42DAA842-85E2-4081-9E49-AF5EB4B9CE3D,D5D36093-9656-43FE-BFCC-C1ED1873EECB,414D99F7-9871-4619-A227-AF180B1CA3DD,07820,2019/2020 Ganjil,3.0,A2621A5C-FD61-474B-8630-6881F4DE421A
77082A50-6869-40D4-B9B1-B0A2A34BD8AF,D5D36093-9656-43FE-BFCC-C1ED1873EECB,EDED6922-0C72-48DA-9E5E-6724B73A07B6,92199,2018/2019 Genap,6.0,B28586BD-5FC6-4A42-9677-5BDD23E91896
77082A50-6869-40D4-B9B1-B0A2A34BD8AF,D5D36093-9656-43FE-BFCC-C1ED1873EECB,EDED6922-0C72-48DA-9E5E-6724B73A07B6,92199,2018/2019 Genap,6.0,3F8525A6-3901-463E-A7AE-ADC8225C9D66
9B9B75B9-89EA-4180-8E8F-B0BBA979DD69,D5D36093-9656-43FE-BFCC-C1ED1873EECB,8D9F8444-BEEC-4EA6-A6B0-D5B433C86082,65687,2017/2018 Genap,4.0,D0F3F09A-6186-40C3-89BC-CABFEDC3DDA3
0CC18EDD-1260-4800-A701-B192F4A03954,D5D36093-9656-43FE-BFCC-C1ED1873EECB,414D99F7-9871-4619-A227-AF180B1CA3DD,19936,2019/2020 Genap,3.0,5B295E23-8A4B-47FE-A8DE-2E088E0F13E1
A8D2F17A-16B0-482E-BA4B-B29639A81210,5028F1E9-E954-4F62-9244-BAB2C3E3A475,18DD1D36-E69A-4B7C-A3AA-C8ABEA3A7B6F,08574,2019/2020 Ganjil,6.0,33C21275-288B-4C9F-A4C8-2196DE8F2ECE
A8D2F17A-16B0-482E-BA4B-B29639A81210,5028F1E9-E954-4F62-9244-BAB2C3E3A475,18DD1D36-E69A-4B7C-A3AA-C8ABEA3A7B6F,08574,2019/2020 Ganjil,6.0,B22DED39-F7E5-4FF6-8825-2D2A25A72BF7
A8D2F17A-16B0-482E-BA4B-B29639A81210,5028F1E9-E954-4F62-9244-BAB2C3E3A475,18DD1D36-E69A-4B7C-A3AA-C8ABEA3A7B6F,08574,2019/2020 Ganjil,6.0,1FA0BF3C-AB4C-44BA-9203-7E751EC4B433
A8D2F17A-16B0-482E-BA4B-B29639A81210,5028F1E9-E954-4F62-9244-BAB2C3E3A475,18DD1D36-E69A-4B7C-A3AA-C8ABEA3A7B6F,08574,2019/2020 Ganjil,6.0,1793AB98-38A6-4958-859C-8797B554A48B
A8D2F17A-16B0-482E-BA4B-B29639A81210,5028F1E9-E954-4F62-9244-BAB2C3E3A475,18DD1D36-E69A-4B7C-A3AA-C8ABEA3A7B6F,08574,2019/2020 Ganjil,6.0,9047F554-8CAB-4FAD-ABC5-E37D3DBB9F20
A8D2F17A-16B0-482E-BA4B-B29639A81210,5028F1E9-E954-4F62-9244-BAB2C3E3A475,18DD1D36-E69A-4B7C-A3AA-C8ABEA3A7B6F,08574,2019/2020 Ganjil,6.0,0F0F9F04-9D28-433A-9B14-ED89B5633CB4
3C4004CC-5FBD-402D-A26B-B412AAC3517B,D5D36093-9656-43FE-BFCC-C1ED1873EECB,CE5FE0F5-FB0C-4D9A-A804-904534EA83AF,92259,2018/2019 Genap,3.0,3EC20107-DBFD-46AB-8657-6EC4EA162992
794D4F8A-262E-43EF-A0F4-B6BE8B0AFB98,D5D36093-9656-43FE-BFCC-C1ED1873EECB,D424F3B2-D300-4B6D-850F-47E0574ABD05,65713,2017/2018 Genap,4.0,B28586BD-5FC6-4A42-9677-5BDD23E91896
A84F56F1-9CD6-4413-9A72-B6E979F00767,5028F1E9-E954-4F62-9244-BAB2C3E3A475,A8D1D9E8-9A75-4329-9869-66E89BE61562,19990,2019/2020 Genap,6.0,33C21275-288B-4C9F-A4C8-2196DE8F2ECE
98BC2DCF-72CB-47CF-80FA-B8DF9D8CFE96,5028F1E9-E954-4F62-9244-BAB2C3E3A475,3F9BDBF5-10DC-46E6-9AD4-19446F83AA98,52661,2017/2018 Ganjil,3.0,3F8525A6-3901-463E-A7AE-ADC8225C9D66
02604943-375E-4F58-A74A-B90B889D4D4D,5028F1E9-E954-4F62-9244-BAB2C3E3A475,978CA15B-BC5C-4FBC-9AE6-E32184EC12CC,23880,2016/2017 Ganjil,4.0,A7041E3A-9B4A-4647-8784-6E8470129469
38C2E2D3-1D26-454B-8261-B918E105F416,E5D44204-B505-490E-BE2E-4670B028BAAD,D9351A58-3026-4D9F-8A81-0B01BC928EFD,98814,2018/2019 Genap,3.0,D2BF631C-502A-4963-8DE8-4FDFBEE2A737
38C2E2D3-1D26-454B-8261-B918E105F416,E5D44204-B505-490E-BE2E-4670B028BAAD,D9351A58-3026-4D9F-8A81-0B01BC928EFD,98814,2018/2019 Genap,3.0,EAAD6957-9A07-4047-8086-CE98D0942200
20EB0BAA-DDA8-44BD-88A1-B97B475AFA19,5028F1E9-E954-4F62-9244-BAB2C3E3A475,1CC7EC37-5D5D-44A2-8C93-1B5A87440F2B,08291,2019/2020 Ganjil,3.0,49637291-1440-45B7-8DBD-9B64DFD7FB11
20EB0BAA-DDA8-44BD-88A1-B97B475AFA19,5028F1E9-E954-4F62-9244-BAB2C3E3A475,1CC7EC37-5D5D-44A2-8C93-1B5A87440F2B,08291,2019/2020 Ganjil,3.0,C69F3E1B-E862-4690-9C5C-E85561896393
F7BD266A-63B4-4C86-A82F-BB4182067550,D5D36093-9656-43FE-BFCC-C1ED1873EECB,34EF4924-D9AA-427C-84DB-1FEEC5459ECC,46806,2016/2017 Pendek,3.0,1FA0BF3C-AB4C-44BA-9203-7E751EC4B433
72631A1B-0774-4220-B025-BC0247CCDB1E,D5D36093-9656-43FE-BFCC-C1ED1873EECB,A6BB989D-63CB-44A1-A1D8-77C75D85AE28,32387,2020/2021 Ganjil,3.0,55DFD090-AD9D-4A6C-9423-957B0C1BFA13
D2C959B1-1925-4A62-947F-BC9AB880D76C,5028F1E9-E954-4F62-9244-BAB2C3E3A475,643B38E5-959C-4F2D-A860-FB4213AF0F10,79575,2018/2019 Ganjil,4.0,7342029A-935E-4663-9C23-499AC1F208F0
AD282086-34FF-434E-BEA4-BE25DD60A3FD,D5D36093-9656-43FE-BFCC-C1ED1873EECB,CE5FE0F5-FB0C-4D9A-A804-904534EA83AF,19906,2019/2020 Genap,3.0,3EC20107-DBFD-46AB-8657-6EC4EA162992
526462BD-07E3-4C41-A027-C06232B59A4B,055FF4E9-6928-4DF4-B86C-E765D59B4323,0C0E2BA7-5DCE-4320-BE7A-A48A0A26E1D1,14905,2019/2020 Genap,3.0,0BD9974F-F1C6-454F-8082-5AAFBE4669BA
526462BD-07E3-4C41-A027-C06232B59A4B,055FF4E9-6928-4DF4-B86C-E765D59B4323,0C0E2BA7-5DCE-4320-BE7A-A48A0A26E1D1,14905,2019/2020 Genap,3.0,C9384016-16FC-48A1-B0A1-FD6697F4E336
2259A27B-CC91-4C89-A24C-C0D8F1C18E6E,D5D36093-9656-43FE-BFCC-C1ED1873EECB,3E62A66D-6B62-48D2-B931-D02D14A751E8,32519,2020/2021 Ganjil,4.0,B28586BD-5FC6-4A42-9677-5BDD23E91896
45832985-1EA2-4CC9-8A6D-C22CC8485484,D5D36093-9656-43FE-BFCC-C1ED1873EECB,6B0F2D42-820F-40F8-BE60-21405E4508E4,52718,2017/2018 Ganjil,3.0,EB586DAC-35A9-4CFE-ACCF-D88E8CA81E71
2A5E03FF-F13F-4099-9061-C3B72D1AF3F0,D5D36093-9656-43FE-BFCC-C1ED1873EECB,AE4650A5-8868-4521-8E7B-D71699BDE34E,92303,2018/2019 Genap,4.0,927CA223-9E30-4E22-8108-0F13FAB1F79B
C1E8028F-2660-4DC3-BAE9-C4697143F436,D5D36093-9656-43FE-BFCC-C1ED1873EECB,E6A4A02B-79F7-422B-A909-5EFA103BAFEF,52715,2017/2018 Ganjil,3.0,68E2F44F-F58F-40BC-9EC0-57DBC5613206
54A39FF7-33B8-42CB-A9EE-C5256C00B930,D5D36093-9656-43FE-BFCC-C1ED1873EECB,B25ADA31-51CF-46E7-BA1C-5978FC27DA27,80363,2018/2019 Ganjil,4.0,9047F554-8CAB-4FAD-ABC5-E37D3DBB9F20
478F21E2-E032-411F-9998-C610F702BCB0,D5D36093-9656-43FE-BFCC-C1ED1873EECB,414D99F7-9871-4619-A227-AF180B1CA3DD,32418,2020/2021 Ganjil,3.0,A2621A5C-FD61-474B-8630-6881F4DE421A
7AC9404C-2564-4D88-B9D6-C811E7D833F5,D5D36093-9656-43FE-BFCC-C1ED1873EECB,3E62A66D-6B62-48D2-B931-D02D14A751E8,08389,2019/2020 Ganjil,4.0,B28586BD-5FC6-4A42-9677-5BDD23E91896
C3CE9A21-7BD2-48E3-8DD9-C9170A4D95C8,5028F1E9-E954-4F62-9244-BAB2C3E3A475,DDF4B55A-71AF-47B2-A6DF-D38E580B2435,19997,2019/2020 Genap,3.0,B7CE36BE-F368-43E4-8DE8-264552B8859C
C3CE9A21-7BD2-48E3-8DD9-C9170A4D95C8,5028F1E9-E954-4F62-9244-BAB2C3E3A475,DDF4B55A-71AF-47B2-A6DF-D38E580B2435,19997,2019/2020 Genap,3.0,0F0F9F04-9D28-433A-9B14-ED89B5633CB4
FA930E02-F79F-4387-B755-CA5723A66FF8,D5D36093-9656-43FE-BFCC-C1ED1873EECB,2C74B826-0B8B-4068-A997-28862A78620F,80086,2018/2019 Ganjil,4.0,EAA0C200-7DD6-400D-B520-0F1DD724235D
E073C95F-19D8-4802-8CD9-CAD22C74247D,5028F1E9-E954-4F62-9244-BAB2C3E3A475,FF358162-1A14-4F62-8376-1A0F3128995D,80476,2018/2019 Ganjil,3.0,EAA0C200-7DD6-400D-B520-0F1DD724235D
E073C95F-19D8-4802-8CD9-CAD22C74247D,5028F1E9-E954-4F62-9244-BAB2C3E3A475,FF358162-1A14-4F62-8376-1A0F3128995D,80476,2018/2019 Ganjil,3.0,3F8525A6-3901-463E-A7AE-ADC8225C9D66
20B14586-97D4-4C22-A3A5-CB884FDC22E3,D5D36093-9656-43FE-BFCC-C1ED1873EECB,CA1E7A11-0264-40C1-9C08-A98C44DB01DA,65785,2017/2018 Genap,3.0,AEF6CACB-B7FC-4E1D-BB22-80B272568EA1
DDF593AF-B06D-428F-9226-CE37E4BE9AFF,D5D36093-9656-43FE-BFCC-C1ED1873EECB,2C74B826-0B8B-4068-A997-28862A78620F,80085,2018/2019 Ganjil,4.0,C2CD87ED-3B0F-4EF6-8683-54543CFFDB8B
A8B20865-F154-4234-93F9-D1F38EEB1D09,5028F1E9-E954-4F62-9244-BAB2C3E3A475,50645CA2-3F3F-4789-ADEE-C7D791CECFB9,19981,2019/2020 Genap,3.0,B246D76D-4850-4B38-892D-2E31F90CDB41
A8B20865-F154-4234-93F9-D1F38EEB1D09,5028F1E9-E954-4F62-9244-BAB2C3E3A475,50645CA2-3F3F-4789-ADEE-C7D791CECFB9,19981,2019/2020 Genap,3.0,0F0F9F04-9D28-433A-9B14-ED89B5633CB4
D4C90A34-DC24-4FC1-A0B7-D20E9675EB54,5028F1E9-E954-4F62-9244-BAB2C3E3A475,59108C48-0B9B-48A0-AA2F-C87B1DEE9689,91947,2018/2019 Genap,3.0,0F0F9F04-9D28-433A-9B14-ED89B5633CB4
F089C932-88C0-4C57-93C2-D2169C89BBC9,E8E7A6B2-A423-4B9F-9EBB-0E3849438145,772D3E57-932F-4E6E-8F4A-D28DA983D50C,11496,2019/2020 Ganjil,2.0,2D88F377-8F6B-4F76-987E-1463AFA283EF
F089C932-88C0-4C57-93C2-D2169C89BBC9,E8E7A6B2-A423-4B9F-9EBB-0E3849438145,772D3E57-932F-4E6E-8F4A-D28DA983D50C,11496,2019/2020 Ganjil,2.0,337D19A2-746E-4BAE-BF92-6FEC259B9ADB
EC6ACC24-1E8E-43C9-A0D0-D27D47347E30,5028F1E9-E954-4F62-9244-BAB2C3E3A475,26148351-F1CA-46EB-A72C-AD8E1ABCF7E5,23755,2016/2017 Ganjil,3.0,57EF9802-CEE8-483F-8BB6-26B38C303EBE
63AB578D-F1AB-48B0-BFB5-D2CF081D04B9,D5D36093-9656-43FE-BFCC-C1ED1873EECB,EDED6922-0C72-48DA-9E5E-6724B73A07B6,92197,2018/2019 Genap,6.0,4AEC7D02-F7DF-4F8A-965C-9F513ACB8440
15ABDA1B-D1CC-4FE7-8CB6-D3DFD1AEB97A,D5D36093-9656-43FE-BFCC-C1ED1873EECB,7D88003D-3863-4E4D-BC3D-5B05CA91572C,65600,2017/2018 Genap,4.0,6D094557-3929-4029-B7E8-4E2A1670B297
DD21D868-1532-4533-93E6-D46FADF2065B,5028F1E9-E954-4F62-9244-BAB2C3E3A475,A8D1D9E8-9A75-4329-9869-66E89BE61562,91966,2018/2019 Genap,6.0,244A156F-2536-4E6E-8A03-0B3F59BEC4F0
6B8DDEA3-2090-46A6-94F6-D4BE077C62B4,5028F1E9-E954-4F62-9244-BAB2C3E3A475,1610683D-FFC1-403F-9DBF-89F3A13E28AE,32212,2016/2017 Ganjil,6.0,0621BEC3-28EA-4D0D-853B-B51078D7CD94
3BC4DEFD-30FF-4FC2-BFA4-D52BEFFBE3F4,D5D36093-9656-43FE-BFCC-C1ED1873EECB,A42DAF47-03D3-41F2-8E65-4EC02066EE46,92103,2018/2019 Genap,3.0,0A7760A8-BDE2-4C81-984C-0519E3629A8A
AE70ED26-705F-49DB-8A8A-D5EEA654947C,5028F1E9-E954-4F62-9244-BAB2C3E3A475,BAAF8ECF-9F0F-43BC-B30C-CC7FCB3BE077,80586,2018/2019 Ganjil,3.0,B22DED39-F7E5-4FF6-8825-2D2A25A72BF7
181D3C7E-846C-4329-98C9-D6E6BA3AACA1,5028F1E9-E954-4F62-9244-BAB2C3E3A475,643B38E5-959C-4F2D-A860-FB4213AF0F10,39253,2016/2017 Genap,4.0,7342029A-935E-4663-9C23-499AC1F208F0
56F0868E-F832-4987-9CD9-DA9D77CC5074,5028F1E9-E954-4F62-9244-BAB2C3E3A475,BAAF8ECF-9F0F-43BC-B30C-CC7FCB3BE077,80589,2018/2019 Ganjil,3.0,B22DED39-F7E5-4FF6-8825-2D2A25A72BF7
5CEAFC61-A40B-4699-8545-DBFF60887842,D5D36093-9656-43FE-BFCC-C1ED1873EECB,AE4650A5-8868-4521-8E7B-D71699BDE34E,65943,2017/2018 Genap,4.0,9047F554-8CAB-4FAD-ABC5-E37D3DBB9F20
0D620FEC-6F49-4D88-834C-DC1ED20387E3,5028F1E9-E954-4F62-9244-BAB2C3E3A475,CD4350C2-4949-4B5A-89E4-ED7631727FB9,91825,2018/2019 Genap,3.0,1FA0BF3C-AB4C-44BA-9203-7E751EC4B433
3AF28B4D-39C3-4014-B42D-DD3E0AF7FC25,5028F1E9-E954-4F62-9244-BAB2C3E3A475,B122A03F-B176-4262-B208-B2F5C4DCCE4F,19963,2019/2020 Genap,3.0,49637291-1440-45B7-8DBD-9B64DFD7FB11
F7557796-4CAB-4E55-A44E-DD57B35D1947,D5D36093-9656-43FE-BFCC-C1ED1873EECB,7D88003D-3863-4E4D-BC3D-5B05CA91572C,65589,2017/2018 Genap,4.0,6D094557-3929-4029-B7E8-4E2A1670B297
C3C64A02-368E-4167-AAD6-DD7948A52CDF,D5D36093-9656-43FE-BFCC-C1ED1873EECB,588F4F37-473B-4457-822E-C39FE0B329AD,45606,2020/2021 Genap,4.0,566CD75C-D6A0-448C-BC26-5C32A058E30B
EDAE8A01-5EC6-4B2E-8864-DEC6EC7583C3,5028F1E9-E954-4F62-9244-BAB2C3E3A475,8D9F8444-BEEC-4EA6-A6B0-D5B433C86082,39176,2016/2017 Genap,4.0,899BA724-5B0A-4FCA-AD88-AB474AE07F1F
CED28A03-7974-4455-A27F-E0B8DC389B45,D5D36093-9656-43FE-BFCC-C1ED1873EECB,E6A4A02B-79F7-422B-A909-5EFA103BAFEF,52714,2017/2018 Ganjil,3.0,867556FC-C386-4F7D-B07E-A91C23528F0C
CED28A03-7974-4455-A27F-E0B8DC389B45,D5D36093-9656-43FE-BFCC-C1ED1873EECB,E6A4A02B-79F7-422B-A909-5EFA103BAFEF,52714,2017/2018 Ganjil,3.0,CC5C3ABF-DEB4-423C-A0AE-B49500E86718
D2E4D867-5481-4CDA-8378-E2555ED5B4CC,D5D36093-9656-43FE-BFCC-C1ED1873EECB,34EF4924-D9AA-427C-84DB-1FEEC5459ECC,00197,2018/2019 Pendek,3.0,1FA0BF3C-AB4C-44BA-9203-7E751EC4B433
A37074BB-6940-43E2-81A8-E3631B9BBF2E,D5D36093-9656-43FE-BFCC-C1ED1873EECB,5AF3DEF6-7F58-4988-8049-FC86D7844350,42874,2016/2017 Genap,4.0,668DE76E-986B-4F87-BAC9-635BA1D2EC49
3E5E0BA8-D3C6-4317-9400-E41A565FCC00,5028F1E9-E954-4F62-9244-BAB2C3E3A475,A8D1D9E8-9A75-4329-9869-66E89BE61562,91965,2018/2019 Genap,6.0,244A156F-2536-4E6E-8A03-0B3F59BEC4F0
CABA36D6-EF1E-4279-925B-E4A2DED5A4A7,5028F1E9-E954-4F62-9244-BAB2C3E3A475,417DDA9B-598B-4707-BB3A-92AE5087F7E1,72661,2017/2018 Pendek,3.0,91A175B1-BBC3-45DA-B216-2199F71C5574
CABA36D6-EF1E-4279-925B-E4A2DED5A4A7,5028F1E9-E954-4F62-9244-BAB2C3E3A475,417DDA9B-598B-4707-BB3A-92AE5087F7E1,72661,2017/2018 Pendek,3.0,639A9D90-B012-41EE-B2B6-6D8F04BB9126
BC5589BA-A364-445A-A372-E7A629F20DC6,F3D8C450-8DFF-4047-86E1-5FDE19312A02,A891165F-781C-49CE-89EA-2A325BEEBB8A,16426,2019/2020 Genap,3.0,7264D148-4572-4B76-8332-4F3AF3619457
7502C130-4F77-4D8D-9A73-E7C9ED51D5B0,D5D36093-9656-43FE-BFCC-C1ED1873EECB,069343D8-EDAB-4BE5-9F52-3C6300737C0E,08480,2019/2020 Ganjil,3.0,0A7760A8-BDE2-4C81-984C-0519E3629A8A
12EC4053-F9A2-4113-96F0-E856ADC02BCD,5028F1E9-E954-4F62-9244-BAB2C3E3A475,9B7044D5-950B-4A71-82C7-CFE64BD82C3B,96793,2018/2019 Genap,3.0,3EC20107-DBFD-46AB-8657-6EC4EA162992
12EC4053-F9A2-4113-96F0-E856ADC02BCD,5028F1E9-E954-4F62-9244-BAB2C3E3A475,9B7044D5-950B-4A71-82C7-CFE64BD82C3B,96793,2018/2019 Genap,3.0,C69F3E1B-E862-4690-9C5C-E85561896393
CD4090EB-5444-4198-BD9F-E873926B4870,5028F1E9-E954-4F62-9244-BAB2C3E3A475,417DDA9B-598B-4707-BB3A-92AE5087F7E1,91784,2018/2019 Genap,3.0,639A9D90-B012-41EE-B2B6-6D8F04BB9126
DB81B038-AC23-477C-AF2C-E972C8292530,5028F1E9-E954-4F62-9244-BAB2C3E3A475,CD4350C2-4949-4B5A-89E4-ED7631727FB9,52319,2017/2018 Ganjil,3.0,9047F554-8CAB-4FAD-ABC5-E37D3DBB9F20
F698F442-A49D-4D6C-8A10-E98DD00F1394,5028F1E9-E954-4F62-9244-BAB2C3E3A475,3F9BDBF5-10DC-46E6-9AD4-19446F83AA98,65427,2017/2018 Genap,3.0,3F8525A6-3901-463E-A7AE-ADC8225C9D66
189EC97A-992C-4B3A-BCC0-ED5F596F8F34,D5D36093-9656-43FE-BFCC-C1ED1873EECB,A42DAF47-03D3-41F2-8E65-4EC02066EE46,08390,2019/2020 Ganjil,3.0,639A9D90-B012-41EE-B2B6-6D8F04BB9126
0199CEDB-6A5E-40CB-B295-ED635A3B9905,5028F1E9-E954-4F62-9244-BAB2C3E3A475,D94706EC-5862-4AE8-8BD7-02BEA146F2CD,79583,2018/2019 Ganjil,3.0,5112E28D-3BC1-46A7-9BC5-B767B4D567DE
E2DD9C65-A822-4908-9556-EE062EE54A90,D5D36093-9656-43FE-BFCC-C1ED1873EECB,6B0F2D42-820F-40F8-BE60-21405E4508E4,39256,2016/2017 Genap,3.0,EB586DAC-35A9-4CFE-ACCF-D88E8CA81E71
0BD524DC-6B75-4461-A9AA-EF9631AEF737,5028F1E9-E954-4F62-9244-BAB2C3E3A475,59108C48-0B9B-48A0-AA2F-C87B1DEE9689,65342,2017/2018 Genap,3.0,0F0F9F04-9D28-433A-9B14-ED89B5633CB4
8205AF70-7D12-4129-A2E4-EFCF4C935AD3,520C6C56-7C29-4474-839A-83CF2D10D598,01EFD700-E22B-471A-8431-E40EE7D74355,75325,2018/2019 Ganjil,1.0,C8D67648-9833-4743-B401-D0EB3F442660
6509F530-B7CF-430B-A032-F14DEE696400,D5D36093-9656-43FE-BFCC-C1ED1873EECB,3D7BEA02-4B6D-4F0F-A33A-2CCBCB86039F,56456,2017/2018 Ganjil,3.0,639A9D90-B012-41EE-B2B6-6D8F04BB9126
C7B9D13A-DF8B-406C-93A9-F1EB0B936EFB,D5D36093-9656-43FE-BFCC-C1ED1873EECB,A42DAF47-03D3-41F2-8E65-4EC02066EE46,52528,2017/2018 Ganjil,3.0,08E1879A-6657-429B-BE44-FD9CB474167E
081E8B62-07B1-4BCC-8FA8-F4393F2A5CDE,5028F1E9-E954-4F62-9244-BAB2C3E3A475,06683E31-FC69-488C-8A4B-7F443A505160,79584,2018/2019 Ganjil,3.0,566CD75C-D6A0-448C-BC26-5C32A058E30B
1DFB57AA-7871-422F-B626-F4769DB7C587,055FF4E9-6928-4DF4-B86C-E765D59B4323,0C0E2BA7-5DCE-4320-BE7A-A48A0A26E1D1,99845,2018/2019 Pendek,3.0,3AA1F976-AC4B-4618-8788-C1B8F303076E
1DFB57AA-7871-422F-B626-F4769DB7C587,055FF4E9-6928-4DF4-B86C-E765D59B4323,0C0E2BA7-5DCE-4320-BE7A-A48A0A26E1D1,99845,2018/2019 Pendek,3.0,AC8DC747-9BCA-4426-8A23-FEA3A58A6396
7B3F6290-554F-4373-B91D-F6B02AC7AFA3,5028F1E9-E954-4F62-9244-BAB2C3E3A475,417DDA9B-598B-4707-BB3A-92AE5087F7E1,65424,2017/2018 Genap,3.0,91A175B1-BBC3-45DA-B216-2199F71C5574
3FC17C1E-D463-4183-B11E-F82734FABB39,5028F1E9-E954-4F62-9244-BAB2C3E3A475,50645CA2-3F3F-4789-ADEE-C7D791CECFB9,91951,2018/2019 Genap,3.0,B246D76D-4850-4B38-892D-2E31F90CDB41
2E247E89-89FC-4E79-98C8-FB1E76243C7F,5028F1E9-E954-4F62-9244-BAB2C3E3A475,376E4F10-D321-46AE-92F7-8063A255EDFF,08225,2019/2020 Ganjil,3.0,75187550-6318-434C-9546-DE83F84C78D0
E127432E-99B8-49BC-B306-FC395B1DF435,5028F1E9-E954-4F62-9244-BAB2C3E3A475,1261051F-A78A-4CA6-8B00-4549C0284597,23694,2016/2017 Ganjil,3.0,5B295E23-8A4B-47FE-A8DE-2E088E0F13E1
B5216C52-1FF1-47DD-86C2-FC89E188BCD1,D5D36093-9656-43FE-BFCC-C1ED1873EECB,85804BB3-CDF1-4B65-B7A8-659E8963D4D1,92202,2018/2019 Genap,3.0,B22DED39-F7E5-4FF6-8825-2D2A25A72BF7
B5216C52-1FF1-47DD-86C2-FC89E188BCD1,D5D36093-9656-43FE-BFCC-C1ED1873EECB,85804BB3-CDF1-4B65-B7A8-659E8963D4D1,92202,2018/2019 Genap,3.0,1FA0BF3C-AB4C-44BA-9203-7E751EC4B433
